Accession number ,SpeciesCode,GenusName,SpeciesName,"Species
Author&Date",location,AreaCode,Latitude,Longitude,CollectedBy,DateCollected1,DateCollected2,Site/altitude,"Collection
Method","Source/
Habitat/
host",Stage/sex,DeterminedBy,DateDetermined,StorageType,TypeStatus
LUNZ00001240,Collypenesi,Lyperobius,nesidiotes,"Kuschel, 1987","Snares Islands, Broughton Island",SN,-48.03,166.61,J.W. Early,30/11/1976,,,,Litter under Anistome acutifolia P76-24,Male,G. Kuschel,1984,Pinned,Paratype
LUNZ00001239,Collypesped,Lyperobius,spedenii,"Broun, 1917",Temple Peak Station ,OL,-44.78495,168.4148,C.J. Vink,26/02/2003,,1740 m,,On speargrass flower,,,,"On card, pinned",
LUNZ00001238,Collypesped,Lyperobius,spedenii,"Broun, 1917",Temple Peak Station ,OL,-44.78495,168.4148,C.J. Vink,27/02/2003,,1741 m,,On speargrass flower,,,,"On card, pinned",
LUNZ00001237,Collypesped,Lyperobius,spedenii,"Broun, 1917","The Remarkables, Tarn Basin, north of Lake Alta",CO,-45.05873,168.8028,J.S. Dugdale,,,1740-1980 m,,Aciphylla simplex,,R.C. Craw,1997,Pinned,
LUNZ00001236,Collypesped,Lyperobius,spedenii,"Broun, 1917","The Remarkables, Shadow Basin, Rastus Burn",OL,-45.05713,168.80603,J.W. Marris,11/05/1999,,,,Under rocks,,,,Pinned,
LUNZ00001235,Collypesped,Lyperobius,spedenii,"Broun, 1917",Rees Saddle,OL,-44.55115,168.56305,"R.M. Emberson, P. Syrett",26/12/1999,,1550-1650 m,,On Aciphylla kirkii,,,,Pinned,
LUNZ00001234,Collypesped,Lyperobius,spedenii,"Broun, 1917",Rees Saddle,OL,-44.55115,168.56305,"R.M. Emberson, P. Syrett",26/12/1999,,1550-1650 m,,On Aciphylla kirkii,,,,Pinned,
LUNZ00001233,Collypesped,Lyperobius,spedenii,"Broun, 1917",Rees Saddle,OL,-44.55115,168.56305,"R.M. Emberson, P. Syrett",26/12/1999,,1550-1650 m,,On Aciphylla kirkii,,,,Pinned,
LUNZ00001232,Collypesped,Lyperobius,spedenii,"Broun, 1917",Rees Saddle,OL,-44.55115,168.56305,"R.M. Emberson, P. Syrett",26/12/1999,,1550-1650 m,,On Aciphylla kirkii,,,,Pinned,
LUNZ00001231,Collypesped,Lyperobius,spedenii,"Broun, 1917",Rees Saddle,OL,-44.55115,168.56305,"R.M. Emberson, P. Syrett",26/12/1999,,1550-1650 m,,On Aciphylla kirkii,,,,Pinned,
LUNZ00001210,Collypesped,Lyperobius,spedenii,"Broun, 1917",Rees Saddle,OL,-44.55115,168.56305,"R.M. Emberson, P. Syrett",26/12/1999,,1550-1650 m,,On Aciphylla kirkii,,,,Pinned,
LUNZ00001209,Collypesped,Lyperobius,spedenii,"Broun, 1917",Rees Saddle,OL,-44.55115,168.56305,"R.M. Emberson, P. Syrett",26/12/1999,,1550-1650 m,,On Aciphylla kirkii,,,,Pinned,
LUNZ00001208,Collypesped,Lyperobius,spedenii,"Broun, 1917",Rees Saddle,OL,-44.55115,168.56305,"R.M. Emberson, P. Syrett",26/12/1999,,1550-1650 m,,On Aciphylla kirkii,,,,Pinned,
LUNZ00001207,Collypesped,Lyperobius,spedenii,"Broun, 1917",Rees Saddle,OL,-44.55115,168.56305,"R.M. Emberson, P. Syrett",26/12/1999,,1550-1650 m,,On Aciphylla kirkii,,,,Pinned,
LUNZ00001206,Collypesped,Lyperobius,spedenii,"Broun, 1917",Rees Saddle,OL,-44.55115,168.56305,"R.M. Emberson, P. Syrett",26/12/1999,,1550-1650 m,,On Aciphylla kirkii,,,,Pinned,
LUNZ00001205,Collypesped,Lyperobius,spedenii,"Broun, 1917",Rees Saddle,OL,-44.55115,168.56305,"R.M. Emberson, P. Syrett",26/12/1999,,1550-1650 m,,On Aciphylla kirkii,,,,Pinned,
LUNZ00001204,Collypesped,Lyperobius,spedenii,"Broun, 1917",Rees Saddle,OL,-44.55115,168.56305,"R.M. Emberson, P. Syrett",26/12/1999,,1550-1650 m,,On Aciphylla kirkii,,,,Pinned,
LUNZ00001203,Collypetown,Lyperobius,townsendi,"Craw, 1999",Takitimu Mountains,SL,-45.74815,167.81698,J.I. Townsend,12/02/1963,,1219 m,,Anisotome sp.,Male,R.C. Craw,1997,Pinned,Paratype
LUNZ00001220,Collypehuds,Lyperobius,hudsoni,"Broun, 1914","The Remarkables, Rastus Burn",OL,-45.05529,168.80241,B. Brown,23/01/1995,,,Sweeping,,,,,Pinned,
LUNZ00001202,Collypehuds,Lyperobius,hudsoni,"Broun, 1914",Dingle Burn,OL,-44.2567,169.57891,B. Brown,13/11/1999,,1480 m,,,,,,Pinned,
LUNZ00001219,Collypehutt,Lyperobius,huttoni,"Pascoe, 1876",Porters Pass,MC,-43.29555,171.74158,S.M. Pawson,1/03/2002,,,,Ex Aciphylla aurea,,,,Pinned,
LUNZ00001218,Collypehutt,Lyperobius,huttoni,"Pascoe, 1876",Porters Pass,MC,-43.29555,171.74158,S.M. Pawson,1/03/2002,,,,Ex Aciphylla aurea,,,,Pinned,
LUNZ00001217,Collypehutt,Lyperobius,huttoni,"Pascoe, 1876","Seaward Kaikoura Range, Kahutara Saddle",KA,-42.32129,173.43079,S.M. Pawson,1/04/2001,,,,Reared on aciphylla,Larva,S.M. Pawson,2002,"On card, pinned",
LUNZ00001216,Collypehutt,Lyperobius,huttoni,"Pascoe, 1876",Camp Stream Saddle,MC,-43.12552,171.71,E.G. White,9/12/1968,,1463 m,,,,,,Pinned,
LUNZ00001201,Collypehutt,Lyperobius,huttoni,"Pascoe, 1876","Craigieburn, Camp Stream",MC,-43.12961,171.70369,A. Watson,10/01/1973,,4000 m ,,Ex speargrass,,R.C. Craw,1997,Pinned,
LUNZ00001215,Collypehutt,Lyperobius,huttoni,"Pascoe, 1876",Mount Binser ,NC,-43.02949,171.85865,R. Close,17/01/1976,,5000 m,,Feeding on Aciphylla Spaniard,,R.C. Craw,1997,Pinned,
LUNZ00001213,Collypehutt,Lyperobius,huttoni,"Pascoe, 1876","Seaward Kaikoura Range, Kahutara Saddle",KA,-42.32129,173.43079,"R.M. Emerson, S.M. Pawson",19/04/2001,,,,Under Aciphylla aurea,,,,"On card, pinned",
LUNZ00001212,Collypehutt,Lyperobius,huttoni,"Pascoe, 1876","Seaward Kaikoura Range, Kahutara Saddle",KA,-42.32129,173.43079,"R.M. Emerson, S.M. Pawson",19/04/2001,,,,Under Aciphylla aurea,,,,"On card, pinned",
LUNZ00001211,Collypehutt,Lyperobius,huttoni,"Pascoe, 1876","Seaward Kaikoura Range, Kahutara Saddle",KA,-42.32129,173.43079,"R.M. Emerson, S.M. Pawson",19/04/2001,,,,Under Aciphylla aurea,,,,"On card, pinned",
LUNZ00001214,Collypehutt,Lyperobius,huttoni,"Pascoe, 1876","Seaward Kaikoura Range, Kahutara Saddle",KA,-42.32129,173.43079,"R.M. Emerson, S.M. Pawson",23/04/2001,,,,,,,,Pinned,
LUNZ00001250,Collypemont,Lyperobius,montanus,"Craw, 1999",Gertrude Valley,FD,-44.75056,168.02976,P.T. Townsend,6/02/1980,,1380 m,,,,R.C. Craw,1990,Pinned,Paratype
LUNZ00001249,Collypemont,Lyperobius,montanus,"Craw, 1999",Gertrude Valley,FD,-44.75056,168.02976,J.W. Early,6/02/1980,,1380 m,,Feeding on Celmisia leaves,,R.C. Craw,1990,Pinned,Paratype
LUNZ00001248,Collypemont,Lyperobius,montanus,"Craw, 1999",Gertrude Valley,FD,-44.75056,168.02976,J.W. Early,6/02/1980,,1380 m,,Feeding on Celmisia leaves,,R.C. Craw,1990,Pinned,Paratype
LUNZ00001247,Collypemont,Lyperobius,montanus,"Craw, 1999",Gertrude Valley,FD,-44.75056,168.02976,J.W. Early,6/02/1980,,1380 m,,Feeding on Celmisia leaves,,R.C. Craw,1990,Pinned,Paratype
LUNZ00001246,Collypemont,Lyperobius,montanus,"Craw, 1999",Gertrude Valley,FD,-44.75056,168.02976,J.W. Early,6/02/1980,,1380 m,,Feeding on Celmisia leaves,,R.C. Craw,1990,Pinned,Paratype
LUNZ00001245,Collypemont,Lyperobius,montanus,"Craw, 1999",Gertrude Valley,FD,-44.75056,168.02976,J.W. Early,6/02/1980,,1150 m,,Anistome sp.,,R.C. Craw,1990,Pinned,Paratype
LUNZ00001244,Collypemont,Lyperobius,montanus,"Craw, 1999",Gertrude Valley,FD,-44.75056,168.02976,R.M. Emberson,6/02/1980,,1360m,,Under rocks,,R.C. Craw,1990,Pinned,Paratype
LUNZ00001241,Collypemont,Lyperobius,montanus,"Craw, 1999","Gertrude Valley, Barrier Knob",FD,-44.74213,168.0203,"R.M. Emberson, P. Syrett",29/12/1984,,1645 m,,Under rocks,,R.C. Craw,1997,Pinned,
LUNZ00001227,Collypecoxa,Lyperobius,coxalis,"Kuschel, 1987",Borland Saddle,FD,-45.75046,167.38623,R.M. Emberson,2/02/1982,,1180 m,,On Anistome sp.,,G. Kuschel,1987,Pinned,Paratype
LUNZ00001226,Collypecoxa,Lyperobius,coxalis,"Kuschel, 1987",Borland Saddle,FD,-45.75046,167.38623,R.M. Emberson,2/02/1982,,1180 m,,On Anistome sp.,,G. Kuschel,1987,Pinned,Paratype
LUNZ00001225,Collypecoxa,Lyperobius,coxalis,"Kuschel, 1987",Borland Saddle,FD,-45.75046,167.38623,R.M. Emberson,2/02/1982,,1180 m,,On Anistome sp.,,G. Kuschel,1987,Pinned,Paratype
LUNZ00001224,Collypecoxa,Lyperobius,coxalis,"Kuschel, 1987",Borland Saddle,FD,-45.75,167.38421,J.W. Early,2/02/1982,,1150 m,,On Anistome sp.,,G. Kuschel,1987,Pinned,Paratype
LUNZ00001223,Collypecoxa,Lyperobius,coxalis,"Kuschel, 1987",Borland Saddle,FD,-45.75,167.38421,J.W. Early,2/02/1982,,1150 m,,On Anistome sp.,,G. Kuschel,1987,Pinned,Paratype
LUNZ00001222,Collypecoxa,Lyperobius,coxalis,"Kuschel, 1987",Borland Saddle,FD,-45.75,167.38421,J.W. Early,2/02/1982,,1150 m,,On Anistome sp.,,G. Kuschel,1987,Pinned,Paratype
LUNZ00001100,Collypecoxa,Lyperobius,coxalis,"Kuschel, 1987",South Borland Valley bivouac,FD,-45.73669,167.41495,P.T. Syrett,2/02/1982,,730 m,,On Anistome sp.,,G. Kuschel,1987,Pinned,Paratype
LUNZ00001221,Collypecoxa,Lyperobius,coxalis,"Kuschel, 1987",South Borland Valley bivouac,FD,-45.73669,167.41495,P.T. Syrett,2/02/1982,,730 m,,On Anistome sp.,,G. Kuschel,1987,Pinned,Paratype
LUNZ00001090,Collypecoxa,Lyperobius,coxalis,"Kuschel, 1987",Mount Burns,FD,-45.74709,167.40337,J.W. Early,3/02/1982,,1280 m,,On Aciphylla congesta,,R.C. Craw,1997,Pinned,
LUNZ00001099,Collypecoxa,Lyperobius,coxalis,"Kuschel, 1987",Mount Burns,FD,-45.74709,167.40337,R.M. Emberson,3/02/1982,,1150 m,,On Celmisia sessiliflora,,R.C. Craw,1997,Pinned,
LUNZ00001098,Collypecoxa,Lyperobius,coxalis,"Kuschel, 1987",Borland Saddle,FD,-45.75046,167.38623,C.A. Muir,2/02/1982,,1188 m ,,On mat plant,,G. Kuschel,1987,Pinned,Paratype
LUNZ00001097,Collypecupi,Lyperobius,cupiendus,"Broun, 1886","Carrick Range, Watts Rock",CO,-45.16423,169.07629,J.W. Early,5/02/1986,8/02/1986,1300 m,Yellow pan trap,In tussock grassland,,R.C. Craw,1997,Pinned,
LUNZ00001089,Collypecupi,Lyperobius,cupiendus,"Broun, 1886","Carrick Range, Watts Rock",CO,-45.16423,169.07629,J.W. Early,5/02/1986,8/02/1986,1300 m,Yellow pan trap,In tussock grassland,,R.C. Craw,1997,Pinned,
LUNZ00001088,Collypecupi,Lyperobius,cupiendus,"Broun, 1886","Carrick Range, Watts Rock",CO,-45.16423,169.07629,J.W. Early,5/02/1986,8/02/1986,1300 m,Yellow pan trap,In tussock grassland,,R.C. Craw,1997,Pinned,
LUNZ00001096,Collypecupi,Lyperobius,cupiendus,"Broun, 1886","Carrick Range, Watts Rock",CO,-45.16423,169.07629,R.M. Emberson,5/02/1986,8/02/1986,1300 m,Pitfall trap,In tussock grassland,,R.C. Craw,1997,Pinned,
LUNZ00001087,Collypecupi,Lyperobius,cupiendus,"Broun, 1886","Carrick Range, Watts Rock",CO,-45.16384,169.07669,"P. Syrett, R.M. Emberson",16/12/1990,8/02/1986,,,Under rocks,,,,Pinned,
LUNZ00001086,Collypecupi,Lyperobius,cupiendus,"Broun, 1886","Carrick Range, Watts Rock",CO,-45.16384,169.07669,"P. Syrett, R.M. Emberson",16/12/1990,8/02/1986,,,Under rocks,,,,Pinned,
LUNZ00001095,Collypecupi,Lyperobius,cupiendus,"Broun, 1886","Carrick Range, Watts Rock",CO,-45.16384,169.07669,"P. Syrett, R.M. Emberson",16/12/1990,8/02/1986,,,Under rocks,,,,Pinned,
LUNZ00001085,Collypecupi,Lyperobius,cupiendus,"Broun, 1886",T2 [no further data given],, ,,,,,,,,,,,Pinned,
LUNZ00001094,Collypeeyle,Lyperobius,eylesi,"Craw, 1999","Mount Wilmot, Manapouri Expedition",FD,-45.51381,167.17849,J. McBurney,1/01/1970,,1750 m,,,,R.C. Craw,1999,Pinned,Paratype
LUNZ00001084,Collypeeyle,Lyperobius,eylesi,"Craw, 1999",Mount Barber,FD,-45.50162,167.19807,C.A. Muir,2/02/1983,,1050 m,,,,R.C. Craw,1997,Pinned,
LUNZ00001093,Collypeeyle,Lyperobius,eylesi,"Craw, 1999",Mount Barber,FD,-45.50162,167.19807,C.A. Muir,2/02/1983,,1050 m,,,,R.C. Craw,1997,Pinned,
LUNZ00001092,Collypeeyle,Lyperobius,eylesi,"Craw, 1999",Mount Barber,FD,-45.50227,167.20391,M. Bowie,2/02/1983,,,,Anistome flowers,,,,Pinned,
LUNZ00001083,Collypeeyle,Lyperobius,eylesi,"Craw, 1999","Murchison Mountains, McKenzie Burn",FD,-45.25988,167.41187,B. Patrick,11/12/1983,,1170 m,,On Aciphylla congesta,,R.C. Craw,1997,Pinned,
LUNZ00001082,Collypefall,Lyperobius,fallax,"Broun, 1917",Marino Mountains ,NN,-41.52589,172.49759,R.M. Emberson,3/01/1984,,1350 m,,On Anistome sp.,,R.C. Craw,1997,Pinned,
LUNZ00001091,Collypefall,Lyperobius,fallax,"Broun, 1917",Mount Owen,NN,-41.54999,172.53258,"R.M. Emberson, P. Syrett",19/04/1992,,1650 m,,On rock,,,,Pinned,
LUNZ00001081,Collypefall,Lyperobius,fallax,"Broun, 1917",Turk Ridge,MB,-42.11865,172.7509,B. Brown,27/10/1996,,,,On alpine scree / herbfield,,,,"On card, pinned",
LUNZ00001110,Collypefall,Lyperobius,fallax,"Broun, 1917","Victoria Range, Rahu River, Right hand branch",BR,-42.28978,172.12589,"P. Syrett, R.M. Emberson",15/11/1985,,1400-1500 m,,"Under rocks, ridge top",,,,Pinned,
LUNZ00001109,Collypefall,Lyperobius,fallax,"Broun, 1917","Victoria Range, Rahu River, Right hand branch",BR,-42.28978,172.12589,"P. Syrett, R.M. Emberson",15/11/1985,,1400-1500 m,,"Under rocks, ridge top",,,,Pinned,
LUNZ00001108,Collypefall,Lyperobius,fallax,"Broun, 1917",Mount Patriarch,NN,-41.41986,172.50602,"R.M. Emberson, P. Syrett",27/12/1988,,1550 m,,Under rocks,,,,Pinned,
LUNZ00001107,Collypefall,Lyperobius,fallax,"Broun, 1917",Mount Patriarch,NN,-41.41879,172.5074,"R.M. Emberson, P. Syrett",27/12/1988,,1700 m,,Under rocks,,,,Pinned,
LUNZ00001104,Collypeglac,Lyperobius,glacialis,"Craw, 1999","Fox Glacier, Chancellor Shelf",WD,-43.50165,170.10549,J.W. Early,13/12/1986,,1340 m,,Base of Aciphylla sp.,Male,R.C. Craw,1997,Pinned,Paratype
LUNZ00001103,Collypeglac,Lyperobius,glacialis,"Craw, 1999","Fox Glacier, Chancellor Shelf",WD,-43.50202,170.10392,J.W. Early,15/12/1984,,1280 m,,On Anistome sp.,Female,R.C. Craw,1997,Pinned,Paratype
LUNZ00001160,Collypeglac,Lyperobius,glacialis,"Craw, 1999","Fox Glacier, Chancellor Hut",WD,-43.50187,170.10362,"J.W. Early, P. Syrett",15/12/1984,,1220 m,,Litter LCNZ 84/8,Female,R.C. Craw,1997,Pinned,Paratype
LUNZ00001158,Collypeglac,Lyperobius,glacialis,"Craw, 1999","Fox Glacier, Chancellor Shelf",WD,-43.50202,170.10392,P. Syrett,13/12/1984,,1280 m,,Under rock at base of Anistome sp.,Male,R.C. Craw,1997,Pinned,Paratype
LUNZ00001157,Collypeglac,Lyperobius,glacialis,"Craw, 1999","Fox Glacier, Chancellor Shelf",WD,-43.50202,170.10392,P. Syrett,13/12/1984,,1280 m,,Under rock at base of Anistome sp.,Male,R.C. Craw,1997,Pinned,Paratype
LUNZ00001159,Collypeglac,Lyperobius,glacialis,"Craw, 1999",Castle Rocks Valley,WD,-43.45569,170.16146,J.W. Early,15/01/1986,,1250 m,,Aciphylla,,R.C. Craw,1997,Pinned,Paratype
LUNZ00001155,Colhadrtube,Hadramphus,tuberculatus,"(Pascoe, 1877)",Burke Pass Scenic Reserve,MK,-44.02965,170.57925,L.M. Young ,10/12/2004,,,,"On Aciphylla aurea, at base of rosette by day",,,,"On card, pinned",
LUNZ00001154,Colhadrstil,Hadramphus,stilbocarpae,"Kuschel, 1971","Snares Islands, Penguin Creek",SN,-48.001,166.6,D.S. Horning,5/01/1973,,,,"Stilbocarpa robusta, at night",,,,Pinned,
LUNZ00001153,Colhadrstil,Hadramphus,stilbocarpae,"Kuschel, 1971","Snares Islands, Penguin Creek",SN,-48.001,166.6,D.S. Horning,5/01/1973,,,,"Stilbocarpa robusta, at night",,,,Pinned,
LUNZ00001152,Colhadrstil,Hadramphus,stilbocarpae,"Kuschel, 1971","Snares Islands, Broughton Island",SN,-48.03,166.61,J.W. Early,14/01/1977,,,,Litter under Stilbocarpa robusta ,,,,Pinned,
LUNZ00001148,Colhadrstil,Hadramphus,stilbocarpae,"Kuschel, 1971","Snares Islands, Broughton Island",SN,-48.03,166.61,J.W. Early,14/01/1977,,,,Litter under Stilbocarpa robusta ,,,,Pinned,
LUNZ00001147,Colhadrstil,Hadramphus,stilbocarpae,"Kuschel, 1971","Snares Islands, Broughton Island",SN,-48.03,166.61,J.W. Early,14/01/1977,,,,Litter under Stilbocarpa robusta ,,,,Pinned,
LUNZ00001146,Colhadrstil,Hadramphus,stilbocarpae,"Kuschel, 1971","Snares Islands, Broughton Island",SN,-48.03,166.61,J.W. Early,14/01/1977,,,,Litter under Stilbocarpa robusta ,,,,Pinned,
LUNZ00001145,Colhadrstil,Hadramphus,stilbocarpae,"Kuschel, 1971","Snares Islands, Main Island",SN,-48.01,166.6,J.W. Early,1/01/1977,,,,,,,,Pinned,
LUNZ00001102,Collypebarb,Lyperobius,barbarae,"Craw, 1999",Lake Ohau ski field,MK,-44.2143,169.77653,E.G. White,3/03/1973,,1859 m,,Eating Aciphylla sp.,,R.C. Craw,1997,Pinned,Paratype
LUNZ00001101,Collypebarb,Lyperobius,barbarae,"Craw, 1999",Rock and Pillar Range,CO,-45.35068,170.12227,T. Armour,28/12/1998,,1325 m ,,Under Aciphylla sp.,,,,Pinned,
LUNZ00001120,Collypecari,Lyperobius,carinatus,"Broun, 1881","Craigieburn Range, Allen's Basin",MC,-43.11059,171.69353,R. Watson,23/01/1969,,1524 m,,,,R.C. Craw,1997,Pinned,
LUNZ00001119,Collypecari,Lyperobius,carinatus,"Broun, 1881",Mount Somers ,MC,-43.62502,171.38064,"M.J. Esson, J.I. Townsend",19/01/1964,,1219 m,,Aciphylla scot-thomsonii,,R.C. Craw,1997,Pinned,
LUNZ00001118,Collypecari,Lyperobius,carinatus,"Broun, 1881","Mount Cook National Park, Godley Valley, Rutherford Stream",MK,-43.57405,170.46333,W.J. Sweney,23/02/1977,,950 m,,Ex Aciphylla montana,,R.C. Craw,1997,Pinned,
LUNZ00001130,Collypecari,Lyperobius,clarkei,"Craw, 1999",Mount Arthur (2 km East),NN,-41.21891,172.70587,R.M. Emberson,15/01/1982,,1500 m ,,On Aciphylla,,R.C. Craw,1997,Pinned,
LUNZ00001117,Collypecari,Lyperobius,clarkei,"Craw, 1999",Mount Owen,NN,-41.54079,172.52815,B. Brown,26/12/1994,,,,On Aciphylla aurea,,,,Pinned,
LUNZ00001116,Collypecari,Lyperobius,clarkei,"Craw, 1999",Mount Owen,NN,-41.54079,172.52815,B. Brown,26/12/1994,,,,On Aciphylla aurea,,,,Pinned,
LUNZ00001115,Collypecari,Lyperobius,clarkei,"Craw, 1999","Kahurangi National Park, Douglas Range, Drunken Sailors",NN,-40.97613,172.55923,R.M. Emberson,8/02/1997,,1500 m ,,On Aciphylla,,,,Pinned,
LUNZ00001114,Collypecari,Lyperobius,clarkei,"Craw, 1999","Matiri Plateau, Thousand Acres Plateau",NN,-41.61393,172.32161,R.M. Emberson,9/12/2002,,,,Walking on ground,,,,Pinned,
LUNZ00001141,Colhadrspin,Hadramphus,spinipennis,"Broun, 1911","South East Island, Woolshed Bush",CH,-44.33,-176.17,"R.M.Emberson, J.W. Marris",21/01/1998,,,,Ex dead Plagianthus,,,,Pinned,
LUNZ00001142,Colhadrspin,Hadramphus,spinipennis,"Broun, 1911",Little Mangere Island,CH,-44.28,-176.32,"M. & D. Bell, I. Atkinson",23/01/1998,26/01/1998,,,,,,,Pinned,
LUNZ00001143,Colhadrspin,Hadramphus,spinipennis,"Broun, 1911","Rangatira (South East Island), near woolshed",CH,-44.33,-176.17,R.M.Emberson,29/11/1992,,,,On Pseudopanax chathamicus,,,,Pinned,
LUNZ00001144,Colhadrspin,Hadramphus,spinipennis,"Broun, 1911",?Mangere Island ,CH,-44.227,-176.29,K. Schöps,,,,,,,,,Pinned,
LUNZ00001167,Colhadrspin,Hadramphus,spinipennis,"Broun, 1911",?Mangere Island ,CH,-44.227,-176.29,K. Schöps,,,,,,,,,Pinned,
LUNZ00001047,Colhadrspin,Hadramphus,spinipennis,"Broun, 1911",?Mangere Island ,CH,-44.227,-176.29,K. Schöps,,,,,,,,,Pinned,
LUNZ00001135,Colhadrspin,Hadramphus,spinipennis,"Broun, 1911",?Mangere Island ,CH,-44.227,-176.29,K. Schöps,,,,,On Aciphylla,,,,Pinned,
LUNZ00001134,Colhadrspin,Hadramphus,spinipennis,"Broun, 1911",?Mangere Island ,CH,-44.227,-176.29,K. Schöps,,,,,On Aciphylla,,,,Pinned,
LUNZ00001133,Colhadrspin,Hadramphus,spinipennis,"Broun, 1911",?Mangere Island ,CH,-44.227,-176.29,K. Schöps,,,,,On Aciphylla,,,,Pinned,
LUNZ00001132,Colhadrspin,Hadramphus,spinipennis,"Broun, 1911",?Mangere Island ,CH,-44.227,-176.29,K. Schöps,,,,,On Aciphylla,,,,Pinned,
LUNZ00001121,Colhadrspin,Hadramphus,spinipennis,"Broun, 1911",?Mangere Island ,CH,-44.227,-176.29,K. Schöps,,,,,On Aciphylla,,,,Pinned,
LUNZ00001122,Colhadrspin,Hadramphus,spinipennis,"Broun, 1911",?Mangere Island ,CH,-44.227,-176.29,K. Schöps,,,,,On Aciphylla,,,,Pinned,
LUNZ00001041,Colhadrspin,Hadramphus,spinipennis,"Broun, 1911",?Mangere Island ,CH,-44.227,-176.29,K. Schöps,,,,,On Aciphylla,,,,Pinned,
LUNZ00001042,Colhadrspin,Hadramphus,spinipennis,"Broun, 1911",?Mangere Island ,CH,-44.227,-176.29,K. Schöps,,,,,On Aciphylla,,,,Pinned,
LUNZ00001043,Colhadrspin,Hadramphus,spinipennis,"Broun, 1911",?Mangere Island ,CH,-44.227,-176.29,K. Schöps,,,,,On Aciphylla,,,,Pinned,
LUNZ00001044,Colhadrspin,Hadramphus,spinipennis,"Broun, 1911",?Mangere Island ,CH,-44.227,-176.29,K. Schöps,,,,,On Aciphylla,,,,Pinned,
LUNZ00001045,Colhadrspin,Hadramphus,spinipennis,"Broun, 1911",?Mangere Island ,CH,-44.227,-176.29,K. Schöps,,,,,On Aciphylla,,,,Pinned,
LUNZ00001046,Colhadrspin,Hadramphus,spinipennis,"Broun, 1911",?Mangere Island ,CH,-44.227,-176.29,K. Schöps,,,,,On Aciphylla,,,,Pinned,
LUNZ00001048,Colhadrspin,Hadramphus,spinipennis,"Broun, 1911",?Mangere Island ,CH,-44.227,-176.29,K. Schöps,,,,,On Aciphylla,,,,Pinned,
LUNZ00001049,Colhadrspin,Hadramphus,spinipennis,"Broun, 1911",?Mangere Island ,CH,-44.227,-176.29,K. Schöps,,,,,On Aciphylla,,,,Pinned,
LUNZ00001050,Colhadrspin,Hadramphus,spinipennis,"Broun, 1911",?Mangere Island ,CH,-44.227,-176.29,K. Schöps,,,,,On Aciphylla,,,,Pinned,
LUNZ00001166,Colhadrspin,Hadramphus,spinipennis,"Broun, 1911",?Mangere Island ,CH,-44.227,-176.29,K. Schöps,,,,,On Aciphylla,,,,Pinned,
LUNZ00001165,Colhadrspin,Hadramphus,spinipennis,"Broun, 1911",?Mangere Island ,CH,-44.227,-176.29,K. Schöps,,,,,On Aciphylla,,,,Pinned,
LUNZ00001164,Colhadrspin,Hadramphus,spinipennis,"Broun, 1911",?Mangere Island ,CH,-44.227,-176.29,K. Schöps,,,,,On Aciphylla,,,,Pinned,
LUNZ00001163,Colhadrspin,Hadramphus,spinipennis,"Broun, 1911",?Mangere Island ,CH,-44.227,-176.29,K. Schöps,,,,,On Aciphylla,,,,Pinned,
LUNZ00001162,Colhadrspin,Hadramphus,spinipennis,"Broun, 1911",?Mangere Island ,CH,-44.227,-176.29,K. Schöps,,,,,On Aciphylla,,,,Pinned,
LUNZ00001161,Colhadrspin,Hadramphus,spinipennis,"Broun, 1911",?Mangere Island ,CH,-44.227,-176.29,K. Schöps,,,,,On Aciphylla,,,,Pinned,
LUNZ00001137,Colhadrspin,Hadramphus,spinipennis,"Broun, 1911",Mangere Island,CH,-44.227,-176.29,J.W. Marris,2/12/1992,,,,On Aciphylla dieffenbachii female flower stems at night,,,,Pinned,
LUNZ00001136,Colhadrspin,Hadramphus,spinipennis,"Broun, 1911",Mangere Island,CH,-44.227,-176.29,J.W. Marris,2/12/1992,,,,On Aciphylla dieffenbachii female flower stems at night,,,,Pinned,
LUNZ00001138,Colhadrspin,Hadramphus,spinipennis,"Broun, 1911",Mangere Island,CH,-44.227,-176.29,J.W. Marris,2/12/1992,,,,On Aciphylla dieffenbachii female flower stems at night,,,,Pinned,
LUNZ00001123,Colhadrspin,Hadramphus,spinipennis,"Broun, 1911",Mangere Island (probably),CH,-44.227,-176.29,K. Schöps,,,,, ,,,,Pinned,
LUNZ00001060,Colhadrspin,Hadramphus,spinipennis,"Broun, 1911",Mangere Island,CH,-44.227,-176.29,K. Schöps,1/12/1994,,,,On Aciphylla,,,,Pinned,
LUNZ00001070,Colhadrspin,Hadramphus,spinipennis,"Broun, 1911",Mangere Island,CH,-44.227,-176.29,K. Schöps,1/12/1994,,,,On Aciphylla,,,,Pinned,
LUNZ00001080,Colhadrspin,Hadramphus,spinipennis,"Broun, 1911",Mangere Island,CH,-44.227,-176.29,K. Schöps,1/12/1994,,,,On Aciphylla,,,,Pinned,
LUNZ00001040,Colhadrspin,Hadramphus,spinipennis,"Broun, 1911",Mangere Island,CH,-44.227,-176.29,K. Schöps,1/12/1994,,,,On Aciphylla,,,,Pinned,
LUNZ00001200,Colhadrspin,Hadramphus,spinipennis,"Broun, 1911",Mangere Island,CH,-44.227,-176.29,K. Schöps,1/12/1994,,,,On Aciphylla,,,,Pinned,
LUNZ00001190,Colhadrspin,Hadramphus,spinipennis,"Broun, 1911",Mangere Island,CH,-44.227,-176.29,K. Schöps,1/12/1994,,,,On Aciphylla,,,,Pinned,
LUNZ00001180,Colhadrspin,Hadramphus,spinipennis,"Broun, 1911",Mangere Island,CH,-44.227,-176.29,K. Schöps,1/12/1994,,,,On Aciphylla,,,,Pinned,
LUNZ00001170,Colhadrspin,Hadramphus,spinipennis,"Broun, 1911",Mangere Island,CH,-44.227,-176.29,K. Schöps,1/12/1994,,,,On Aciphylla,,,,Pinned,
LUNZ00001059,Colhadrspin,Hadramphus,spinipennis,"Broun, 1911",Mangere Island,CH,-44.227,-176.29,K. Schöps,1/12/1994,,,,On Aciphylla,,,,Pinned,
LUNZ00001069,Colhadrspin,Hadramphus,spinipennis,"Broun, 1911",Mangere Island,CH,-44.227,-176.29,K. Schöps,1/12/1994,,,,On Aciphylla,,,,Pinned,
LUNZ00001079,Colhadrspin,Hadramphus,spinipennis,"Broun, 1911",Mangere Island,CH,-44.227,-176.29,K. Schöps,1/12/1994,,,,On Aciphylla,,,,Pinned,
LUNZ00001054,Colhadrspin,Hadramphus,spinipennis,"Broun, 1911",Mangere Island,CH,-44.227,-176.29,K. Schöps,1/12/1994,,,,On Aciphylla,,,,Pinned,
LUNZ00001068,Colhadrspin,Hadramphus,spinipennis,"Broun, 1911",Mangere Island,CH,-44.227,-176.29,K. Schöps,1/12/1994,,,,On Aciphylla,,,,Pinned,
LUNZ00001057,Colhadrspin,Hadramphus,spinipennis,"Broun, 1911",Mangere Island,CH,-44.227,-176.29,K. Schöps,1/12/1994,,,,On Aciphylla,,,,Pinned,
LUNZ00001078,Colhadrspin,Hadramphus,spinipennis,"Broun, 1911",Mangere Island,CH,-44.227,-176.29,K. Schöps,1/12/1994,,,,On Aciphylla,,,,Pinned,
LUNZ00001039,Colhadrspin,Hadramphus,spinipennis,"Broun, 1911",Mangere Island,CH,-44.227,-176.29,K. Schöps,1/12/1994,,,,On Aciphylla flowers,,,,Pinned,
LUNZ00001169,Colhadrspin,Hadramphus,spinipennis,"Broun, 1911",Mangere Island,CH,-44.227,-176.29,K. Schöps,1/12/1994,,,,On Aciphylla flowers,,,,Pinned,
LUNZ00001189,Colhadrspin,Hadramphus,spinipennis,"Broun, 1911",Mangere Island,CH,-44.227,-176.29,K. Schöps,1/12/1994,,,,On Aciphylla flowers,,,,Pinned,
LUNZ00001051,Colhadrspin,Hadramphus,spinipennis,"Broun, 1911",Mangere Island,CH,-44.227,-176.29,K. Schöps,1/12/1994,,,,On Aciphylla flowers,,,,Pinned,
LUNZ00001052,Colhadrspin,Hadramphus,spinipennis,"Broun, 1911",Mangere Island,CH,-44.227,-176.29,K. Schöps,1/12/1994,,,,On Aciphylla flowers,,,,Pinned,
LUNZ00001053,Colhadrspin,Hadramphus,spinipennis,"Broun, 1911",Mangere Island,CH,-44.227,-176.29,K. Schöps,1/12/1994,,,,On Aciphylla flowers,,,,Pinned,
LUNZ00001168,Colhadrspin,Hadramphus,spinipennis,"Broun, 1911",Mangere Island,CH,-44.227,-176.29,K. Schöps,1/12/1994,,,,,,,,Pinned,
LUNZ00001178,Colhadrspin,Hadramphus,spinipennis,"Broun, 1911",Mangere Island,CH,-44.227,-176.29,K. Schöps,1/12/1994,,,,,,,,Pinned,
LUNZ00001038,Colhadrspin,Hadramphus,spinipennis,"Broun, 1911",Mangere Island,CH,-44.227,-176.29,K. Schöps,1/12/1994,,,,,,,,Pinned,
LUNZ00001056,Colhadrspin,Hadramphus,spinipennis,"Broun, 1911",Mangere Island,CH,-44.227,-176.29,K. Schöps,1/12/1994,,,,,,,,Pinned,
LUNZ00001067,Colhadrspin,Hadramphus,spinipennis,"Broun, 1911",Mangere Island,CH,-44.227,-176.29,K. Schöps,1/12/1994,,,,,,,,Pinned,
LUNZ00001179,Colhadrspin,Hadramphus,spinipennis,"Broun, 1911",Mangere Island,CH,-44.227,-176.29,K. Schöps,1/12/1994,,,,,,,,Pinned,
LUNZ00001199,Colhadrspin,Hadramphus,spinipennis,"Broun, 1911",Mangere Island,CH,-44.227,-176.29,K. Schöps,1/12/1994,,,,,,,,Pinned,
LUNZ00001058,Colhadrspin,Hadramphus,spinipennis,"Broun, 1911",Mangere Island,CH,-44.227,-176.29,K. Schöps,1995,,,,On Aciphylla,,,,Pinned,
LUNZ00001055,Colhadrspin,Hadramphus,spinipennis,"Broun, 1911",Mangere Island,CH,-44.227,-176.29,K. Schöps,1995,,,,On Aciphylla,,,,Pinned,
LUNZ00001061,Colhadrspin,Hadramphus,spinipennis,"Broun, 1911",Mangere Island,CH,-44.227,-176.29,K. Schöps,1995,,,,On Aciphylla,,,,Pinned,
LUNZ00001071,Colhadrspin,Hadramphus,spinipennis,"Broun, 1911",Mangere Island,CH,-44.227,-176.29,K. Schöps,1995,,,,On Aciphylla,,,,Pinned,
LUNZ00001031,Colhadrspin,Hadramphus,spinipennis,"Broun, 1911",Mangere Island,CH,-44.227,-176.29,K. Schöps,1995,,,,On Aciphylla,,,,Pinned,
LUNZ00001191,Colhadrspin,Hadramphus,spinipennis,"Broun, 1911",Mangere Island,CH,-44.227,-176.29,K. Schöps,1995,,,,On Aciphylla,,,,Pinned,
LUNZ00001062,Colhadrspin,Hadramphus,spinipennis,"Broun, 1911",Mangere Island,CH,-44.227,-176.29,K. Schöps,1995,,,,On Aciphylla,,,,Pinned,
LUNZ00001063,Colhadrspin,Hadramphus,spinipennis,"Broun, 1911",Mangere Island,CH,-44.227,-176.29,K. Schöps,1995,,,,On Aciphylla,,,,Pinned,
LUNZ00001064,Colhadrspin,Hadramphus,spinipennis,"Broun, 1911",Mangere Island,CH,-44.227,-176.29,K. Schöps,1995,,,,On Aciphylla,,,,Pinned,
LUNZ00001065,Colhadrspin,Hadramphus,spinipennis,"Broun, 1911",Mangere Island,CH,-44.227,-176.29,K. Schöps,1995,,,,On Aciphylla,,,,Pinned,
LUNZ00001072,Colhadrspin,Hadramphus,spinipennis,"Broun, 1911",Mangere Island,CH,-44.227,-176.29,K. Schöps,15/11/1995, ,,,On Aciphylla,,,,Pinned,
LUNZ00001073,Colhadrspin,Hadramphus,spinipennis,"Broun, 1911",Mangere Island,CH,-44.227,-176.29,K. Schöps,15/11/1995, ,,,,,,,Pinned,
LUNZ00001074,Colhadrspin,Hadramphus,spinipennis,"Broun, 1911",Mangere Island,CH,-44.227,-176.29,K. Schöps,15/11/1995, ,,,,,,,Pinned,
LUNZ00001032,Colhadrspin,Hadramphus,spinipennis,"Broun, 1911",Mangere Island,CH,-44.227,-176.29,K. Schöps,29/12/1995, ,,,On Aciphylla,,,,Pinned,
LUNZ00001066,Colhadrspin,Hadramphus,spinipennis,"Broun, 1911",Mangere Island,CH,-44.227,-176.29,K. Schöps,29/12/1995,,,,,,,,Pinned,
LUNZ00001177,Colanagsp01,Anagotus,indet.,,"Mason Bay, Duck Creek",SI,46.92535,167.76427,J.W. Early ,3/02/1991,,,,Cushion plants on streamside,,,,Pinned,
LUNZ00001176,Colanagsp01,Anagotus,indet.,,Inner Brothers [formerly Sister] Island ,SI,-47.18938,167.78308,R.M. Emberson,13/12/1974,,,,"Ex leaf litter, daisy tree forest",,,,Pinned,
LUNZ00001188,Colanagsp01,Anagotus,indet.,,Inner Brothers [formerly Sister] Island ,SI,-47.18938,167.78308,R.M. Emberson,13/12/1974,,,,"Ex leaf litter, daisy tree forest",,,,Pinned,
LUNZ00001175,Colanagsp01,Anagotus,indet.,,Inner Brothers [formerly Sister] Island ,SI,-47.18938,167.78308,R.M. Emberson,13/12/1974,,,,"Ex leaf litter, daisy tree forest",,,,Pinned,
LUNZ00001174,Colanagsp01,Anagotus,indet.,,Inner Brothers [formerly Sister] Island ,SI,-47.18938,167.78308,R.M. Emberson,13/12/1974,,,,"Ex leaf litter, daisy tree forest",,,,Pinned,
LUNZ00001173,Colanagsp01,Anagotus,indet.,,Inner Brothers [formerly Sister] Island ,SI,-47.18938,167.78308,R.M. Emberson,13/12/1974,,,,"Ex leaf litter, daisy tree forest",,,,Pinned,
LUNZ00001172,Colanagsp01,Anagotus,indet.,,Inner Brothers [formerly Sister] Island ,SI,-47.18938,167.78308,R.M. Emberson,13/12/1974,,,,"Ex leaf litter, daisy tree forest",,,,Pinned,
LUNZ00001171,Colanagsp01,Anagotus,indet.,,Inner Brothers [formerly Sister] Island ,SI,-47.18938,167.78308,R.M. Emberson,13/12/1974,,,,"Ex leaf litter, daisy tree forest",,,,Pinned,
LUNZ00001257,Colanagsp01,Anagotus,indet.,,"Mount Egmont National Park, Stratford Mountain House",TK,-39.30577,174.12149,"R.M. Emberson, P. Syrett",25/12/1994,,850 m,,On mossy logs / trees at night. Kamahi/totara forest,,,,Pinned,
LUNZ00001263,Colanagsp01,Anagotus,indet.,,Lake Sylvester,NN,-41.10673,172.63412,J.W. Early ,9/02/1985,,1341 m,,In litter under Astelia,,,,Pinned,
LUNZ00001264,Colanagsp01,Anagotus,indet.,,Lake Sylvester,NN,-41.10673,172.63412,J.W. Early ,9/02/1985,,1341 m,,In litter under Astelia,,,,Pinned,
LUNZ00001265,Colanagsp01,Anagotus,indet.,,Lake Sylvester,NN,-41.10673,172.63412,J.W. Early ,9/02/1985,,1341 m,,In litter under Astelia,,,,Pinned,
LUNZ00001266,Colanagsp01,Anagotus,indet.,,Lake Sylvester,NN,-41.10673,172.63412,J.W. Early ,9/02/1985,,1341 m,,In litter under Astelia,,,,Pinned,
LUNZ00001252,Colanagsp01,Anagotus,indet.,,"Lake Sylvester, Bushline Hut",NN,-41.10661,172.63978,M.H. Bowie,9/02/1985,,1300 m,,,,,,Pinned,
LUNZ00001251,Colanagsp01,Anagotus,indet.,,"Lake Sylvester, Bushline Hut",NN,-41.10661,172.63978,M.H. Bowie,9/02/1985,,1300 m,,,,,,Pinned,
LUNZ00001261,Colanagsp01,Anagotus,indet.,,"Lake Sylvester, Bushline Hut",NN,-41.10661,172.63978,M.H. Bowie,9/02/1985,,1300 m,,,,,,Pinned,
LUNZ00001262,Colanagsp01,Anagotus,indet.,,Lake Sylvester,NN,-41.10673,172.63412,J.W. Early ,8/02/1985,,,,On Astelia at night ,,,,Pinned,
LUNZ00001267,Colanagsp01,Anagotus,indet.,,Lake Sylvester,NN,-41.10673,172.63412,J.W. Early ,8/02/1985,,,,On Astelia at night ,,,,Pinned,
LUNZ00001256,Colanagsp01,Anagotus,indet.,,Lake Sylvester,NN,-41.10673,172.63412,J.W. Early ,9/02/1985,,1341 m,,In litter under Astelia,,,,Pinned,
LUNZ00001260,Colanagsp01,Anagotus,indet.,,"Paparoa Range, 2 km north of Croesus Knob",BR,-42.27308,171.37469,J.W. Early ,20/01/1982,,,,Under rocks,,,,Pinned,
LUNZ00001259,Colanagsp01,Anagotus,indet.,,"Paparoa Range, Croesus Knob",BR,-42.28974,171.37807,R.M. Emberson,19/01/1982,,1200 m ,,Under rock,,,,"On card, pinned",
LUNZ00001258,Colanagsp01,Anagotus,indet.,,"Paparoa Range, Croesus Knob",BR,-42.28974,171.37807,R.M. Emberson,19/01/1982,,1200 m ,,Under rock,,,,"On card, pinned",
LUNZ00001255,Colanagsp01,Anagotus,indet.,,Lake Sylvester,NN,-41.10673,172.63412,R.M. Emberson,9/02/1985,,,,Base of Astelia,,,,Pinned,
LUNZ00001254,Colanagsp01,Anagotus,indet. 'lewisi (Broun)' group,,"East of Lake Hawea, near Creek",MK,-44.56668,169.37164,C.J. Vink,10/12/2002,,,,Under rock,,,,Pinned,
LUNZ00001253,Colanagsp01,Anagotus,indet. 'lewisi (Broun)' group,,"East of Lake Hawea, near Creek",MK,-44.56668,169.37164,C.J. Vink,10/12/2002,,,,Under rock,,,,Pinned,
LUNZ00001270,Colanagsp01,Anagotus,indet.,,Mataketake Range,WD,-43.85474,169.21645,W. Chinn,1/01/2003,,1200 m ,,On tussock / Raoulia,,,,Pinned,
LUNZ00001268,Colanagsp01,Anagotus,indet.,,Kelly Range,WD,-42.80547,171.51708,P. Syrett,14/01/2003,,1300 m,,,,,,Pinned,
LUNZ00001276,Colanagsp01,Anagotus,indet.,,Alex Knob,WD,-43.42611,170.15994,J.W. Early ,4/12/1982,,1250 m,,Cushion plant,,,,Pinned,
LUNZ00001269,Colanagsp01,Anagotus,indet.,,Mount Peel ,SC,-43.84402,171.16524,R.M. Emberson,8/12/1996,,1500 m,,,,,,Pinned,
LUNZ00001390,Colanagsp01,Anagotus,indet.,,Top of Mount Obelisk,CO,-45.31355,169.20577,"P. Syrett, R.M. Emberson",24/12/1997,,1600 m,,Under rocks,,,,Pinned,
LUNZ00001389,Colanagsp01,Anagotus,indet.,,Top of Mount Obelisk,CO,-45.31355,169.20577,"P. Syrett, R.M. Emberson",24/12/1997,,1600 m,,Under rocks,,,,Pinned,
LUNZ00001388,Colanagsp01,Anagotus,indet.,,Top of Mount Obelisk,CO,-45.31355,169.20577,"P. Syrett, R.M. Emberson",24/12/1997,,1600 m,,Under rocks,,,,Pinned,
LUNZ00001387,Colanagsp01,Anagotus,indet.,,Top of Mount Obelisk,CO,-45.31355,169.20577,"P. Syrett, R.M. Emberson",24/12/1997,,1600 m,,Under rocks,,,,Pinned,
LUNZ00001386,Colanagsp01,Anagotus,indet.,,Top of Mount Obelisk,CO,-45.31355,169.20577,"P. Syrett, R.M. Emberson",24/12/1997,,1600 m,,Under rocks,,,,Pinned,
LUNZ00001385,Colanagsp01,Anagotus,indet.,,Top of Mount Obelisk,CO,-45.31355,169.20577,"P. Syrett, R.M. Emberson",24/12/1997,,1600 m,,Under rocks,,,,Pinned,
LUNZ00001384,Colanagsp01,Anagotus,indet.,,Top of Mount Obelisk,CO,-45.31355,169.20577,"P. Syrett, R.M. Emberson",24/12/1997,,1600 m,,Under rocks,,,,Pinned,
LUNZ00001383,Colanagsp01,Anagotus,indet.,,Top of Mount Obelisk,CO,-45.31355,169.20577,"P. Syrett, R.M. Emberson",24/12/1997,,1600 m,,Under rocks,,,,Pinned,
LUNZ00001035,Colanagsp01,Anagotus,indet.,,"Cobb Reservoir, Lake Sylvester",NN,-41.10673,172.63412,S.M. Pawson,3/02/2001,,,,Under Astelia,,,,Pinned,
LUNZ00001036,Colanagsp01,Anagotus,indet.,,Deer Spur,SC,-43.88,171.23,C.J. Vink,18/11/2001,,856 m,,On track,,,,Pinned,
LUNZ00001077,Colanagsp01,Anagotus,indet.,,Near Lake Sweeney,WD,-43.78209,169.41501,B. Brown,21/10/2002,,,,In sub-alpine tussock zone,,,,Pinned,
LUNZ00001076,Colanagsp01,Anagotus,indet.,,Maungatua,DN,-45.88044,170.1119,S.M. Pawson,14/12/2000,11/01/2001,,Pitfall,,,,,Pinned,
LUNZ00001075,Colanagsp01,Anagotus,indet.,,Haast Range,WD,-44.129,168.7698,B. Brown,27/01/2002,,,,,,,,Pinned,
LUNZ00001185,Colanagsp01,Anagotus,indet.,,"Otago, Top of Old Man Range",CO,-45.33154,169.2076,R.M. Emberson,28/02/1973,,,,,,,,Pinned,
LUNZ00001184,Colanagsp01,Anagotus,indet.,,"Otago, Top of Old Man Range",CO,-45.33154,169.2076,R.M. Emberson,28/02/1973,,,,,,,,Pinned,
LUNZ00001366,Colanagfair,Anagotus,fairburni,(Brookes),"Three Kings Islands, South West Island",TH,-34.17589,172.072,"F.J. Brook, P. Aderson",29/11/1997, , , ,On Phormium at night, ,J.W.M. Marris,,Pinned,
LUNZ00001367,Colanagfair,Anagotus,fairburni,(Brookes),"Three Kings Islands, South West Island",TH,-34.17589,172.072,"F.J. Brook, P. Aderson",29/11/1997, , , ,On Phormium at night, ,J.W.M. Marris,,Pinned,
LUNZ00001368,Colanagfair,Anagotus,fairburni,(Brookes),"Three Kings Islands, South West Island",TH,-34.17589,172.072,"F.J. Brook, P. Aderson",29/11/1997, , , ,On Phormium at night, ,J.W.M. Marris,,Pinned,
LUNZ00001369,Colanagfair,Anagotus,fairburni,(Brookes),"Three Kings Islands, Great Island, Tasman Stream mouth",TH,-34.16321,172.14301,M.J. Thorsen ,10/04/1999, , , ,Under rock, ,J.W.M. Marris,,Pinned,
LUNZ00001290,Colanagturb,Anagotus,turbotti,(Spiller),"Poor Knights Island, Aorangi, Urupa Point",ND,-35.47348,174.73669,G.M. Wragg,20/11/1982,,,,One year old bellbird nest in Myrsine bush,,,,Pinned,
LUNZ00001274,Colanaghall,Anagotus,halli,Sharp,Mount Hutt Range,SC,-43.49527,171.53657,,3/03/1968,,1524 m,,Ex tussock on bare exposed patch,,G. Kuschel,1964,Pinned,
LUNZ00001273,Colanaghelm,Anagotus,helmsi,Sharp,"Bullock Creek, Punakaiki Scenic Reserve ",BR,-42.10128,171.34,G.R. Champness,13/01/1983,24/01/1983,20 m,Malaise trap,,,,,Pinned,
LUNZ00001271,Colanaghelm,Anagotus,helmsi,Sharp,"Pororari River, Punakaiki",BR,-42.10785,171.3401,G.R. Champness,9/01/1985,5/02/1985,30 m,Malaise trap,,,,,Pinned,
LUNZ00001289,Colanaghelm,Anagotus,helmsi,Sharp,"Pororari River, Punakaiki",BR,-42.10785,171.3401,G.R. Champness,18/02/1985,11/03/1985,30 m,Malaise trap,,,,,Pinned,
LUNZ00001300,Colanaghelm,Anagotus,helmsi,Sharp,"Pororari River, Punakaiki",BR,-42.10785,171.3401,G.R. Champness,18/02/1985,11/03/1985,30 m,Malaise trap,,,,,Pinned,
LUNZ00001310,Colanaghelm,Anagotus,helmsi,Sharp,"Pororari River, Punakaiki",BR,-42.10785,171.3401,G.R. Champness,28/10/1984,17/11/1984,30 m,Malaise trap,,,,,Pinned,
LUNZ00001299,Colanaghelm,Anagotus,helmsi,Sharp,"Pororari River, Punakaiki",BR,-42.10785,171.3401,G.R. Champness,19/08/1984,2/09/1984,30 m,Malaise trap,,,,,Pinned,
LUNZ00001320,Colanaghelm,Anagotus,helmsi,Sharp,"Pororari River, Punakaiki",BR,-42.10785,171.3401,G.R. Champness,1/06/1984,5/08/1984,30 m,Malaise trap,,,,,Pinned,
LUNZ00001309,Colanaghelm,Anagotus,helmsi,Sharp,"Bullock Creek, Punakaiki Scenic Reserve ",BR,-43.49527,171.53657,G.R. Champness,15/08/1983,23/10/1983,20 m,Malaise trap,,,,,Pinned,
LUNZ00001319,Colanaghelm,Anagotus,helmsi,Sharp,Hochstetter State Forest,BR,-42.40036,171.58062,,1980,,,,"Dead, wet beech",,,,Pinned,
LUNZ00001318,Colanaghelm,Anagotus,helmsi,Sharp,Hochstetter State Forest,BR,-42.40036,171.58062,,1980,,,,"Dead, wet beech",,,,Pinned,
LUNZ00001317,Colanaghelm,Anagotus,helmsi,Sharp,Hochstetter State Forest,BR,-42.40036,171.58062,,1980,,,,"Dead, wet beech",,,,Pinned,
LUNZ00001288,Colanaghelm,Anagotus,helmsi,Sharp,Hochstetter State Forest,BR,-42.40036,171.58062,,1980,,,,"Dead, wet beech",,,,Pinned,
LUNZ00001298,Colanaghelm,Anagotus,helmsi,Sharp,"Westland National Park, adjacent Canavans Knob",WD,43.3782,170.16737,A.B. Miller,12/04/1982,26/04/1982,140 m,Malaise trap,,,,,Pinned,
LUNZ00001308,Colanaghelm,Anagotus,helmsi,Sharp,"Westland National Park, adjacent Canavans Knob",WD,43.3782,170.16737,A.B. Miller,28/03/1982,10/04/1982,140 m,Malaise trap,,,,,Pinned,
LUNZ00001287,Colanaghelm,Anagotus,helmsi,Sharp,"Westland National Park, adjacent Canavans Knob",WD,43.3782,170.16737,A.B. Miller,28/03/1982,10/04/1982,140 m,Malaise trap,,,,,Pinned,
LUNZ00001286,Colanaghelm,Anagotus,helmsi,Sharp,"Westland National Park, adjacent Canavans Knob",WD,43.3782,170.16737,A.B. Miller,28/03/1982,10/04/1982,140 m,Malaise trap,,,,,Pinned,
LUNZ00001297,Colanaghelm,Anagotus,helmsi,Sharp,"Murchison Mountains, lower East McKenzie Burn",FD,-45.2706,167.44819,"C.A. Muir, R.M. Emberson",5/10/1983,8/12/1983,945 m,Malaise trap,,,,,Pinned,
LUNZ00001272,Colanaghelm,Anagotus,helmsi,Sharp,"Pororari River, Punakaiki",BR,-42.10785,171.3401,G.R. Champness,17/11/1984,8/12/1984,30 m,Malaise trap,,,,,Pinned,
LUNZ00001284,Colanaghelm,Anagotus,helmsi,Sharp,Spey River,FD,-45.58063,167.16002,J.B. Waller,2/02/1983,,450 m ,,On trees at night ,,,,Pinned,
LUNZ00001325,Colanaglati,Anagotus,latirostris,(Broun),"The Remarkables, Rastus Burn",OL,-45.05529,168.80241,J.W.M. Marris,6/02/1986,,1950 m,,Under rock,,,,Pinned,
LUNZ00001324,Colanaglati,Anagotus,latirostris,(Broun),"The Remarkables, Rastus Burn",OL,-45.05529,168.80241,J.W.M. Marris,6/02/1986,,1950 m,,Under rock,,,,Pinned,
LUNZ00001323,Colanaglati,Anagotus,latirostris,(Broun),"The Remarkables, Rastus Burn",OL,-45.05529,168.80241,S.P. Worner,6/02/1986,,1950 m,,Under stones,,,,Pinned,
LUNZ00001322,Colanaglati,Anagotus,latirostris,(Broun),"The Remarkables, Rastus Burn",OL,-45.05529,168.80241,S.P. Worner,6/02/1986,,1950 m,,Under stones,,,,Pinned,
LUNZ00001321,Colanaglati,Anagotus,latirostris,(Broun),"The Remarkables, Rastus Burn",OL,-45.05529,168.80241,S.P. Worner,6/02/1986,,1950 m,,Under stones,,,,Pinned,
LUNZ00001350,Colanaglati,Anagotus,latirostris,(Broun),"The Remarkables, Rastus Burn",OL,-45.05529,168.80241,S.P. Worner,6/02/1986,,1950 m,,Under stones,,,,Pinned,
LUNZ00001349,Colanaglati,Anagotus,latirostris,(Broun),"The Remarkables, Rastus Burn",OL,-45.05529,168.80241,S.P. Worner,6/02/1986,,1680 m,,Under stones,,,,Pinned,
LUNZ00001348,Colanaglati,Anagotus,latirostris,(Broun),"The Remarkables, Rastus Burn",OL,-45.05529,168.80241,J.W. Early ,6/02/1986,,1950 m,,Under rock,,,,Pinned,
LUNZ00001347,Colanaglati,Anagotus,latirostris,(Broun),"The Remarkables, Rastus Burn",OL,-45.05529,168.80241,J.W. Early ,6/02/1986,,1950 m,,Under rock,,,,Pinned,
LUNZ00001346,Colanaglati,Anagotus,latirostris,(Broun),"The Remarkables, Rastus Burn",OL,-45.05529,168.80241,J.W. Early ,6/02/1986,,1950 m,,Under rock,,,,Pinned,
LUNZ00001345,Colanaglati,Anagotus,latirostris,(Broun),"The Remarkables, Rastus Burn",OL,-45.053,168.80385,J.W. Early ,6/02/1986,,1830 m,,Under rock,,,,Pinned,
LUNZ00001344,Colanaglati,Anagotus,latirostris,(Broun),"The Remarkables, Rastus Burn",OL,-45.05529,168.80241,M.B. Bowie,6/02/1986,,1950 m,,Under rock,,,,Pinned,
LUNZ00001343,Colanaglati,Anagotus,latirostris,(Broun),"The Remarkables, Rastus Burn",OL,-45.05529,168.80241,M.B. Bowie,6/02/1986,,1950 m,,Under rock,,,,Pinned,
LUNZ00001342,Colanaglati,Anagotus,latirostris,(Broun),"The Remarkables, Rastus Burn",OL,-45.05529,168.80241,M.B. Bowie,6/02/1986,,1950 m,,Under rock,,,,Pinned,
LUNZ00001341,Colanaglati,Anagotus,latirostris,(Broun),"The Remarkables, Rastus Burn",OL,-45.05529,168.80241,M.B. Bowie,6/02/1986,,1950 m,,Under rock,,,,Pinned,
LUNZ00001340,Colanaglati,Anagotus,latirostris,(Broun),"The Remarkables, Rastus Burn",OL,-45.05529,168.80241,R.R. Scott,6/02/1986,,1950 m,,Under rock,,,,Pinned,
LUNZ00001339,Colanaglati,Anagotus,latirostris,(Broun),"The Remarkables, Rastus Burn",OL,-45.04479,168.82497,R.M. Emberson,6/02/1986,,1890 m,,,,,,Pinned,
LUNZ00001338,Colanaglati,Anagotus,latirostris,(Broun),"The Remarkables, Rastus Burn",OL,-45.04479,168.82497,R.M. Emberson,6/02/1986,,1890 m,,,,,,Pinned,
LUNZ00001337,Colanaglati,Anagotus,latirostris,(Broun),"Ben Lomond, Queenstown",OL,-45.00638,168.61659,"P. Syrett, R.M. Emberson ",11/01/1992,,1750 m,,Under rock,,,,Pinned,
LUNZ00001336,Colanaglati,Anagotus,latirostris,(Broun),"Ben Lomond, Queenstown",OL,-45.00638,168.61659,"P. Syrett, R.M. Emberson ",11/01/1992,,1750 m,,Under rock,,,,Pinned,
LUNZ00001335,Colanaglati,Anagotus,latirostris,(Broun),Obelisk,CO,-45.31875,169.20345,M.H. Bowie,7/02/1986,,1680 m,,,,R.C. Craw ,1987,Pinned,
LUNZ00001334,Colanaglati,Anagotus,latirostris,(Broun),Obelisk,CO,-45.31875,169.20345,R.R. Scott,7/02/1986,,1680 m,,Under rock,,,,Pinned,
LUNZ00001333,Colanaglati,Anagotus,latirostris,(Broun),Obelisk,CO,-45.31875,169.20345,"R.M. Emberson, J.W. Early",7/02/1986,,1680 m,,On mat plant at night,,,,Pinned,
LUNZ00001332,Colanaglati,Anagotus,latirostris,(Broun),Obelisk,CO,-45.31875,169.20345,"R.M. Emberson, J.W. Early",7/02/1986,,1680 m,,On mat plant at night,,,,Pinned,
LUNZ00001331,Colanaglati,Anagotus,latirostris,(Broun),Obelisk,CO,-45.31875,169.20345,J.W.M. Marris,7/02/1986,,1680 m,,Under rock,,,,Pinned,
LUNZ00001370,Colanaglati,Anagotus,latirostris,(Broun),Obelisk,CO,-45.31875,169.20345,S.P. Worner,7/02/1986,,1680 m,,Cushion plant,,,,Pinned,
LUNZ00001275,Colanaglati,Anagotus,latirostris,(Broun),"The Remarkables, Rastus Burn",CO,-45.05529,168.80241,J.W.M. Marris,11/05/1999,,2000 m,,Under rocks,,,,Pinned,
LUNZ00001391,Colanaglati,Anagotus,latirostris,(Broun),Temple Peak,CO,-44.79732,168.48491,C.A. McGuinness,27/02/2003,,1614 m,,Under slab of schist,,,,Pinned,
LUNZ00001392,Colanaglati,Anagotus,latirostris,(Broun),Temple Peak,CO,-44.79732,168.48491,C.A. McGuinness,27/02/2003,,1614 m,,Under slab of schist,,,,Pinned,
LUNZ00001360,Colanagcari,Anagotus,carinirostris,(Marshall),"Fox Glacier, Chancellor Shelf",WD,-43.50187,170.10362,H.M. Harman,13/12/1984,,1220 m,,Ex tussock,,R.C. Craw ,1985,Pinned,
LUNZ00001359,Colanagcari,Anagotus,carinirostris,(Marshall),"Fox Glacier, Chancellor Shelf",WD,-43.5019,170.1045,"R.M. Emberson, P. Syrett",15/12/1984,,1310 m,, ,,,,Pinned,
LUNZ00001358,Colanagcari,Anagotus,carinirostris,(Marshall),Castle Rocks Valley,WD,-43.45457,170.16733,R.M. Emberson,16/01/1986,,1160 m,,On Astelia  ,,,,Pinned,
LUNZ00001357,Colanagcari,Anagotus,carinirostris,(Marshall),Castle Rocks Valley,WD,-43.45457,170.16733,J.W. Early ,16/01/1986,,1160 m,,On Astelia  ,,,,Pinned,
LUNZ00001356,Colanagcari,Anagotus,carinirostris,(Marshall),Castle Rocks Valley,WD,-43.45457,170.16733,J.W. Early ,16/01/1986,,1160 m,,On Astelia  ,,,,Pinned,
LUNZ00001355,Colanagcari,Anagotus,carinirostris,(Marshall),Castle Rocks Valley,WD,-43.45457,170.16733,J.W. Early ,16/01/1986,,1160 m,,On Astelia  ,,,,Pinned,
LUNZ00001354,Colanagcari,Anagotus,carinirostris,(Marshall),Castle Rocks Valley,WD,-43.45457,170.16733,C.A. Muir,16/01/1986,,1160 m,,Celmisia,,,,Pinned,
LUNZ00001353,Colanagcari,Anagotus,carinirostris,(Marshall),Castle Rocks Valley,WD,-43.45457,170.16733,C.A. Muir,16/01/1986,,1160 m,,Celmisia,,,,Pinned,
LUNZ00001352,Colanagcari,Anagotus,carinirostris,(Marshall),Castle Rocks Hut,WD,-43.45322,170.16714,J.W. Early ,14/01/1986,16/01/1986,1220 m,Yellow pan trap,Sub-alpine tussock herbfield,,,,Pinned,
LUNZ00001351,Colanagcari,Anagotus,carinirostris,(Marshall),"Fox Glacier, Chancellor Shelf",WD,-43.5019,170.1045,"R.M. Emberson, P. Syrett",15/12/1984,,1310 m,,Under rock,,,,"On card, pinned",
LUNZ00001380,Colanagcari,Anagotus,carinirostris,(Marshall),"Paparoa Range, Croesus Knob",BR,-42.28862,171.38162,"R.M. Emberson, P. Syrett",19/01/1982,,1130 m,,Base of Aciphylla,,,,Pinned,
LUNZ00001374,Colanagcari,Anagotus,carinirostris,(Marshall),"Paparoa Range, Croesus Knob",BR,-42.28862,171.38162,"R.M. Emberson, P. Syrett",19/01/1982,,1130 m,,Base of Aciphylla,,,,Pinned,
LUNZ00001375,Colanagcari,Anagotus,carinirostris,(Marshall),"Paparoa Range, Croesus Knob",BR,-42.28974,171.37807,R.M. Emberson,19/01/1982,,1200 m ,,Under rock,,,,"On card, pinned",
LUNZ00001376,Colanagcari,Anagotus,carinirostris,(Marshall),"Victoria Range, Rahu River, Right hand branch",BR,-42.28978,172.12589,"P. Syrett, R.M. Emberson",16/11/1985,,1350 m,,Under rock in intermittent stream,,,,Pinned,
LUNZ00001377,Colanagcari,Anagotus,carinirostris,(Marshall),Brunner Range,BR,-41.95959,172.04919,B. Brown,5/02/1995,,1280 m,,On Celmisia armstrongii,,,,Pinned,
LUNZ00001378,Colanagcari,Anagotus,carinirostris,(Marshall),Brunner Range,BR,-41.95959,172.04919,B. Brown,5/02/1995,,1280 m,,On Celmisia armstrongii,,,,Pinned,
LUNZ00001379,Colanagcari,Anagotus,carinirostris,(Marshall),Brunner Range,BR,-41.95959,172.04919,B. Brown,5/02/1995,,1280 m,,On Celmisia armstrongii,,,,Pinned,
LUNZ00001381,Colanagcari,Anagotus,carinirostris,(Marshall),Brunner Range,BR,-41.95959,172.04919,B. Brown,5/02/1995,,1280 m,,On Celmisia armstrongii,,,,Pinned,
LUNZ00001382,Colanagocon,Anagotus,oconnori,(Broun),"Murchison Mountains, lower East McKenzie Burn",FD,-45.23154,167.47358,R.M. Emberson,4/12/1983,8/10/1983,1170 m,,On Aciphylla nivicola [species name not valid] ,,,,Pinned,
LUNZ00001307,Colanagrugo,Anagotus,rugosus,(Broun),"Maud Island, Main Bush",SD,-41.02318,173.89178,M.H. Bowie,5/04/1995,,,,On Coprosmatree bark at night,,,,Pinned,
LUNZ00001316,Colanagrugo,Anagotus,rugosus,(Broun),"Maud Island, Main Bush",SD,-41.02318,173.89178,M.H. Bowie,5/04/1995,,,,On Coprosmatree bark at night,,,,Pinned,
LUNZ00001315,Colanagrugo,Anagotus,rugosus,(Broun),"Maud Island, Main Bush",SD,-41.02318,173.89178,M.H. Bowie,5/04/1995,,,,On Coprosmatree bark at night,,,,Pinned,
LUNZ00001314,Colanagrugo,Anagotus,rugosus,(Broun),"Maud Island, Main Bush",SD,-41.02318,173.89178,M.H. Bowie,5/04/1995,,,,On Coprosmatree bark at night,,,,Pinned,
LUNZ00001313,Colanagrugo,Anagotus,rugosus,(Broun),"Maud Island, Main Bush",SD,-41.02318,173.89178,M.H. Bowie,5/04/1995,,,,On Coprosmatree bark at night,,,,Pinned,
LUNZ00001312,Colanagrugo,Anagotus,rugosus,(Broun),"Maud Island, Main Bush",SD,-41.02318,173.89178,M.H. Bowie,5/04/1995,,,,On Coprosmatree bark at night,,,,Pinned,
LUNZ00001306,Colanagrugo,Anagotus,rugosus,(Broun),"South Stack, Paddock Rocks",SD,-40.92109,173.76205,J.W.M. Marris,16/02/1995,,,,Under rock,,,,Pinned,
LUNZ00001305,Colanagrugo,Anagotus,rugosus,(Broun),"South Stack, Paddock Rocks",SD,-40.92109,173.76205,J.W.M. Marris,16/02/1995,,,,Under rock,,,,Pinned,
LUNZ00001296,Colanagrugo,Anagotus,rugosus,(Broun),"South Stack, Paddock Rocks",SD,-40.92109,173.76205,J.W.M. Marris,16/02/1995,,,,Under rock,,,,Pinned,
LUNZ00001295,Colanagrugo,Anagotus,rugosus,(Broun),"South Stack, Paddock Rocks",SD,-40.92109,173.76205,J.W.M. Marris,16/02/1995,,,,Under rock,,,,Pinned,
LUNZ00001282,Colanagrugo,Anagotus,rugosus,(Broun),"South Stack, Paddock Rocks",SD,-40.92109,173.76205,B.W. Thomas,16/02/1995,,,,Under rocks,,,,Pinned,
LUNZ00001303,Colanagrugo,Anagotus,rugosus,(Broun),"Maud Island, Main Bush",SD,-41.02318,173.89178,M.H. Bowie,3/04/1995,,,,Tree trunks at night,,,,Pinned,
LUNZ00001294,Colanagrugo,Anagotus,rugosus,(Broun),"Maud Island, Main Bush",SD,-41.02318,173.89178,M.H. Bowie,3/04/1995,,,,On Coprosma at night,,,,Pinned,
LUNZ00001293,Colanagrugo,Anagotus,rugosus,(Broun),"Trio Islands, Middle Trio Island (Kuru Pongi)",SD,-40.83812,173.99915,J.W.M. Marris,13/02/1995,,,,"Tree trunks at night, Coprosma forest",,,,Pinned,
LUNZ00001302,Colanagrugo,Anagotus,rugosus,(Broun),Outer Chetwode Island (Te Kakaho) ,SD,-40.89317,174.1055,M.H. Bowie,15/02/1988,,,,Coprosma repensat night,,,,Pinned,
LUNZ00001311,Colanagrugo,Anagotus,rugosus,(Broun),Outer Chetwode Island (Te Kakaho) ,SD,-40.89317,174.1055,M.H. Bowie,15/02/1988,,,,Coprosma repensat night,,,,Pinned,
LUNZ00001301,Colanagrugo,Anagotus,rugosus,(Broun),Outer Chetwode Island (Te Kakaho) ,SD,-40.89317,174.1055,M.H. Bowie,15/02/1988,,,,Coprosma repensat night,,,,Pinned,
LUNZ00001304,Colanagrugo,Anagotus,rugosus,(Broun),Outer Chetwode Island (Te Kakaho) ,SD,-40.89317,174.1055,M.H. Bowie,12/02/1988,,,,Coprosma repens at night,,,,Pinned,
LUNZ00001283,Colanagrugo,Anagotus,rugosus,(Broun),Outer Chetwode Island (Te Kakaho) ,SD,-40.89317,174.1055,M.H. Bowie,15/02/1988,,,,On flax heads at night ,,,,Pinned,
LUNZ00001292,Colanagrugo,Anagotus,rugosus,(Broun),Outer Chetwode Island (Te Kakaho) ,SD,-40.89317,174.1055,M.H. Bowie,15/02/1988,,,,On flax heads at night ,,,,Pinned,
LUNZ00001291,Colanagrugo,Anagotus,rugosus,(Broun),"Chetwode Islands, The Haystack",SD,-40.90681,174.09148,J.W.M. Marris,15/11/1994,,,,Under rock,,,,Pinned,
LUNZ00001281,Colanagrugo,Anagotus,rugosus,(Broun),"Maud Island, Main Bush",SD,-41.02318,173.89178,J.W.M. Marris,3/04/1995,,,,"On tree trunk at night, mixed broadleaf coastal forest",,,,Pinned,
LUNZ00001330,Colanagrugo,Anagotus,rugosus,(Broun),Sentinel Rock,SD,-40.88179,174.14097,J.W.M. Marris,14/02/1995,,,,Under rocks in scrub,,,,Pinned,
LUNZ00001329,Colanagrugo,Anagotus,rugosus,(Broun),Stephens Island,SD,-40.67063,173.9958,S.M. Pawson,13/03/2002,,,,Ex Myoporum laetum,,,,Pinned,
LUNZ00001328,Colanagrugo,Anagotus,rugosus,(Broun),Stephens Island,SD,-40.67063,173.9958,S.M. Pawson,13/03/2002,,,,Ex Myoporum laetum,,,,Pinned,
LUNZ00001327,Colanagrugo,Anagotus,rugosus,(Broun),Stephens Island,SD,-40.67063,173.9958,S.M. Pawson,13/03/2002,,,,Ex Myoporum laetum,,,,Pinned,
LUNZ00001364,Colanagrugo,Anagotus,rugosus,(Broun),North Brother Island ,SD,-41.10291,174.44157,J.W.M. Marris,7/02/1993,,,,On Coprosma repens at night ,,,,Pinned,
LUNZ00001373,Colanagrugo,Anagotus,rugosus,(Broun),North Brother Island ,SD,-41.10291,174.44157,J.W.M. Marris,7/02/1993,,,,On Coprosma repens at night ,,,,Pinned,
LUNZ00001365,Colanagrugo,Anagotus,rugosus,(Broun),North Brother Island ,SD,-41.10291,174.44157,J.W.M. Marris,7/02/1993,,,,On Coprosma repens at night ,,,,Pinned,
LUNZ00001372,Colanagrugo,Anagotus,rugosus,(Broun),North Brother Island ,SD,-41.10291,174.44157,J.W.M. Marris,8/02/1993,,,,On Coprosma repens at night ,,,,Pinned,
LUNZ00001361,Colanagrugo,Anagotus,rugosus,(Broun),North Brother Island ,SD,-41.10291,174.44157,J.W.M. Marris,9/02/1993,,,,On Coprosma repens at night ,,,,Pinned,
LUNZ00001371,Colanagrugo,Anagotus,rugosus,(Broun),North Brother Island ,SD,-41.10291,174.44157,J.W.M. Marris,9/02/1993,,,,On Coprosma repens at night ,,,,Pinned,
LUNZ00001362,Colanagrugo,Anagotus,rugosus,(Broun),North Brother Island ,SD,-41.10291,174.44157,J.W.M. Marris,20/11/1993,,,,Under rocks at night ,,,,Pinned,
LUNZ00001363,Colanagrugo,Anagotus,rugosus,(Broun),North Brother Island ,SD,-41.10291,174.44157,G.W. Gibbs,20/11/1993,,,,Under rocks at night ,,,,Pinned,
LUNZ00001326,Colanaggran,Anagotus,graniger,(Broun),"Rock and Pillar Range, McPhees Rock Track",CO,-45.47218,169.98679,R.M. Emerson,10/02/1986,,,,Bog vegetation at night,,,,Pinned,
LUNZ00001106,Collypesp01,Lyperobius,indet.,,"Mount Somers, Woolshed Creek",SC,-43.6135,171.32165,S.M. Pawson,01.02.2002,,,,Aciphylla scott-thompsonii,,,,Pinned,
LUNZ00001105,Collypesp01,Lyperobius,indet.,,"Kahurangi National Park, Lake Clara",NN,-40.89342,172.55877,A. Purves,10/01/2000,,1380 m ,,,,,,Pinned,
LUNZ00001113,Collypesp01,Lyperobius,n. sp. 'Aspiring',,Liverpool Hut,OL,-44.43096,168.66542,J.W. Early,2/02/1987,,1070 m,,Feeding on Anistome,,,,Pinned,
LUNZ00001128,Collypesp01,Lyperobius,n. sp. 'Aspiring',,Liverpool Hut,OL,-44.43096,168.66542,J.W. Early,2/02/1987,,1070 m,,Feeding on Anistome,,,,Pinned,
LUNZ00001112,Collypesp01,Lyperobius,n. sp. 'Aspiring',,Liverpool Hut,OL,-44.43096,168.66542,D.W. Manktelow,2/02/1987,,1070 m,,On rock,,,,Pinned,
LUNZ00001111,Collypesp01,Lyperobius,n. sp. 'Aspiring',,Liverpool Hut,OL,-44.43096,168.66542,D.W. Manktelow,2/02/1987,,1070 m,,Tussock,,,,Pinned,
LUNZ00001129,Collypesp01,Lyperobius,n. sp. 'Aspiring',,Liverpool Hut,OL,-44.43096,168.66542,D.W. Manktelow,2/02/1987,,1070 m,,Tussock,,,,Pinned,
LUNZ00001127,Collypesp01,Lyperobius,indet.,,South west of Albert Burn Saddle,OL,-44.39968,168.86091,B. Brown,24/12/2002,, ,,Sub-alpine zone,,,,Pinned,
LUNZ00001126,Collypesp01,Lyperobius,indet.,,"Dismal Saddle, slopes",OL,-44.8,168.55,C.A. McGuiness,25/02/2003,,1620 m ,,On Aciphylla sp.,,,,Pinned,
LUNZ00001151,Collypesp01,Lyperobius,indet., ,Temple Peak Station ,OL,-44.78495,168.4148,C.J. Vink,26/02/2003,,1740 m,,Speargrass flower,,,,"On card, pinned",
LUNZ00001156,Collypesp01,Lyperobius,indet., ,Temple Peak Station ,OL,-44.78495,168.4148,C.J. Vink,26/02/2003,,1740 m,,Speargrass flower,,,,Pinned,
LUNZ00001150,Collypesp01,Lyperobius,indet., ,"Mount Aspiring, Matukituki Saddle",OL,-44.39886,168.66872,B. Brown,31/12/1999,, , ,On Celmisia sp.,,,,Pinned,
LUNZ00001140,Collypesp01,Lyperobius,indet., ,"Mount Aspiring, Matukituki Saddle",OL,-44.39886,168.66872,B. Brown,31/12/1999,,,,On Aciphylla sp.,,,,Pinned,
LUNZ00001139,Collypesp01,Lyperobius,indet., ,"Mount Gates, below , Forgotten River",OL,-44.47493,168.33075,B. Brown,6/01/2000,, , ,On Aciphylla sp.,,,,Pinned,
LUNZ00001125,Collypesp01,Lyperobius,indet., ,"Mount Gates, below , Forgotten River",OL,-44.47493,168.33075,B. Brown,6/01/2000,, , ,On Aciphylla sp.,,,,Pinned,
LUNZ00001124,Collypesp01,Lyperobius,indet., ,"Mount Gates, below , Forgotten River",OL,-44.47493,168.33075,B. Brown,6/01/2000,, , ,On Aciphylla sp.,,,,Pinned,
LUNZ00001243,Collypesp01,Lyperobius,indet., ,"Olivine Range, northern part",WD,-44.17828,168.61627,B. Brown,15/02/1995,,1341 m,,Open herbfield,,,,Pinned,
LUNZ00001242,Collypesp01,Lyperobius,indet., ,"Olivine Range, northern part",WD,-44.17828,168.61627,B. Brown,15/02/1995,,1341 m,,Open herbfield,,,,Pinned,
LUNZ00001229,Collypesp01,Lyperobius,indet., ,Milford Track,FD,-44.76878,167.76564,C.L. Duston,5/01/1998,,,,Crawling amongst stones,,,,Pinned,
LUNZ00001228,Collypesp01,Lyperobius,indet., ,Milford Track,FD,-44.76878,167.76564,C.L. Duston,10/02/1998,,,,Under log,,,,Pinned,
LUNZ00001230,Collypesp01,Lyperobius,indet., ,Fohn Saddle,WD,-44.52522,168.25897,B. Brown,15/01/1996,,,,On Aciphylla plant,,,,Pinned,
LUNZ00001149,Collypesp01,Lyperobius,indet., ,"Ahuriri Valley, Canyon Creek",MK,-44.21683,169.5787,"R.M. Emberson, P. Syrett",1/04/2005,,1250 m,,On Aciphylla  sp.,,,,Pinned,
LUNZ00001395,Collypesp01,Lyperobius,indet., ,Fog Peak,OL,-43.27017,171.72233,B. McKinley,2/02/2005,,1400 m,,,,,,,
,,,, ,,,,,,,,,,,,,,,
