institution_code,catalog_number,recorded_by,year,month,decimal_latitude,decimal_longitude,location,species,generic_name,specific_name,day,.val,.equ,.zer,.cap,.cen,.sea,.otl,.gbf,.inst,.summary
NZAC,NZAC04128377,G Kuschel,1970,11,-34.15959,172.1393,"Three Kings Islands, Great Island",Anagotus species_k,Anagotus,species_k,NA,TRUE,TRUE,TRUE,TRUE,FALSE,FALSE,FALSE,TRUE,TRUE,FALSE
NZAC,NZAC04128376,G Kuschel,1970,11,-34.15959,172.1393,"Three Kings Islands, Great Island",Anagotus species_k,Anagotus,species_k,NA,TRUE,TRUE,TRUE,TRUE,FALSE,FALSE,TRUE,TRUE,TRUE,FALSE
NZAC,NZAC04128375,G Kuschel,1970,11,-34.15959,172.1393,"Three Kings Islands, Great Island",Anagotus species_k,Anagotus,species_k,NA,TRUE,TRUE,TRUE,TRUE,FALSE,FALSE,TRUE,TRUE,TRUE,FALSE
NZAC,NZAC04128374,G Kuschel,1970,11,-34.15959,172.1393,"Three Kings Islands, Great Island",Anagotus species_k,Anagotus,species_k,NA,TRUE,TRUE,TRUE,TRUE,FALSE,FALSE,TRUE,TRUE,TRUE,FALSE
NZAC,NZAC04128373,G Kuschel,1970,11,-34.15959,172.1393,"Three Kings Islands, Great Island",Anagotus species_k,Anagotus,species_k,NA,TRUE,TRUE,TRUE,TRUE,FALSE,FALSE,TRUE,TRUE,TRUE,FALSE
NZAC,NZAC04128371,G Kuschel,1970,11,-34.15959,172.1393,"Three Kings Islands, Great Island",Anagotus species_k,Anagotus,species_k,NA,TRUE,TRUE,TRUE,TRUE,FALSE,FALSE,TRUE,TRUE,TRUE,FALSE
NZAC,NZAC04128370,G Kuschel,1970,11,-34.15959,172.1393,"Three Kings Islands, Great Island",Anagotus species_k,Anagotus,species_k,NA,TRUE,TRUE,TRUE,TRUE,FALSE,FALSE,TRUE,TRUE,TRUE,FALSE
NZAC,NZAC04128369,G Kuschel,1970,11,-34.15959,172.1393,"Three Kings Islands, Great Island",Anagotus species_k,Anagotus,species_k,NA,TRUE,TRUE,TRUE,TRUE,FALSE,FALSE,TRUE,TRUE,TRUE,FALSE
NZAC,NZAC04128368,G Kuschel,1970,11,-34.15959,172.1393,"Three Kings Islands, Great Island",Anagotus species_k,Anagotus,species_k,NA,TRUE,TRUE,TRUE,TRUE,FALSE,FALSE,TRUE,TRUE,TRUE,FALSE
NZAC,NZAC04128367,G Kuschel,1970,11,-34.15959,172.1393,"Three Kings Islands, Great Island, Castaway Camp",Anagotus species_k,Anagotus,species_k,NA,TRUE,TRUE,TRUE,TRUE,FALSE,FALSE,TRUE,TRUE,TRUE,FALSE
NZAC,NZAC04128366,G Kuschel,1970,11,-34.15959,172.1393,"Three Kings Islands, Great Island, Castaway Camp",Anagotus species_k,Anagotus,species_k,NA,TRUE,TRUE,TRUE,TRUE,FALSE,FALSE,TRUE,TRUE,TRUE,FALSE
NZAC,NZAC04128365,J McBurney,1970,11,-34.15959,172.1393,"Three Kings Islands, Great Island, Castaway Camp",Anagotus species_k,Anagotus,species_k,NA,TRUE,TRUE,TRUE,TRUE,FALSE,FALSE,TRUE,TRUE,TRUE,FALSE
NZAC,NZAC04128364,G Kuschel,1970,11,-34.15959,172.1393,"Three Kings Islands, Great Island, Castaway Camp",Anagotus species_k,Anagotus,species_k,NA,TRUE,TRUE,TRUE,TRUE,FALSE,FALSE,TRUE,TRUE,TRUE,FALSE
NZAC,NZAC04128363,G Kuschel,1970,11,-34.15959,172.1393,"Three Kings Islands, Great Island, Castaway Camp",Anagotus species_k,Anagotus,species_k,NA,TRUE,TRUE,TRUE,TRUE,FALSE,FALSE,TRUE,TRUE,TRUE,FALSE
NZAC,NZAC04128362,G Kuschel,1970,11,-34.15959,172.1393,"Three Kings Islands, Great Island, Castaway Camp",Anagotus species_k,Anagotus,species_k,NA,TRUE,TRUE,TRUE,TRUE,FALSE,FALSE,TRUE,TRUE,TRUE,FALSE
NZAC,NZAC04128361,P Johns,1963,12,-34.15959,172.1393,"Three Kings Islands, Great Island, Northeast cliff face",Anagotus species_k,Anagotus,species_k,NA,TRUE,TRUE,TRUE,TRUE,FALSE,FALSE,TRUE,TRUE,TRUE,FALSE
NZAC,NZAC04128360,G Kuschel,1970,11,-34.15959,172.1393,"Three Kings Islands, Great Island",Anagotus species_k,Anagotus,species_k,NA,TRUE,TRUE,TRUE,TRUE,FALSE,FALSE,TRUE,TRUE,TRUE,FALSE
NZAC,NZAC04128359,G Kuschel,1970,11,-34.15959,172.1393,"Three Kings Islands, Great Island",Anagotus species_k,Anagotus,species_k,NA,TRUE,TRUE,TRUE,TRUE,FALSE,FALSE,TRUE,TRUE,TRUE,FALSE
NZAC,NZAC04128358,G Kuschel,1970,11,-34.15959,172.1393,"Three Kings Islands, Great Island",Anagotus species_k,Anagotus,species_k,NA,TRUE,TRUE,TRUE,TRUE,FALSE,FALSE,TRUE,TRUE,TRUE,FALSE
NZAC,NZAC04128357,G Kuschel,1970,11,-34.15959,172.1393,"Three Kings Islands, Great Island",Anagotus species_k,Anagotus,species_k,NA,TRUE,TRUE,TRUE,TRUE,FALSE,FALSE,TRUE,TRUE,TRUE,FALSE
NZAC,NZAC04128356,G Kuschel,1970,11,-34.15959,172.1393,"Three Kings Islands, Great Island",Anagotus species_k,Anagotus,species_k,NA,TRUE,TRUE,TRUE,TRUE,FALSE,FALSE,TRUE,TRUE,TRUE,FALSE
NZAC,NZAC04128355,G Kuschel,1970,11,-34.15959,172.1393,"Three Kings Islands, Great Island",Anagotus species_k,Anagotus,species_k,NA,TRUE,TRUE,TRUE,TRUE,FALSE,FALSE,TRUE,TRUE,TRUE,FALSE
NZAC,NZAC04128354,G Kuschel,1970,11,-34.15959,172.1393,"Three Kings Islands, Great Island",Anagotus species_k,Anagotus,species_k,NA,TRUE,TRUE,TRUE,TRUE,FALSE,FALSE,TRUE,TRUE,TRUE,FALSE
NZAC,NZAC04128353,G Kuschel,1970,11,-34.15959,172.1393,"Three Kings Islands, Great Island",Anagotus species_k,Anagotus,species_k,NA,TRUE,TRUE,TRUE,TRUE,FALSE,FALSE,TRUE,TRUE,TRUE,FALSE
NZAC,NZAC04128352,G Kuschel,1970,11,-34.15959,172.1393,"Three Kings Islands, Great Island",Anagotus species_k,Anagotus,species_k,NA,TRUE,TRUE,TRUE,TRUE,FALSE,FALSE,TRUE,TRUE,TRUE,FALSE
NZAC,NZAC04128351,G Kuschel,1970,11,-34.15959,172.1393,"Three Kings Islands, Great Island",Anagotus species_k,Anagotus,species_k,NA,TRUE,TRUE,TRUE,TRUE,FALSE,FALSE,TRUE,TRUE,TRUE,FALSE
NZAC,NZAC04212549,G Kuschel,1970,11,-34.15959,172.1393,"Three Kings Islands, Great Island",Anagotus species_k,Anagotus,species_k,NA,TRUE,TRUE,TRUE,TRUE,FALSE,FALSE,TRUE,TRUE,TRUE,FALSE
NZAC,NZAC04212545,G Kuschel,1970,11,-34.15959,172.1393,"Three Kings Islands, Great Island, Castaway Camp",Anagotus species_k,Anagotus,species_k,NA,TRUE,TRUE,TRUE,TRUE,FALSE,FALSE,TRUE,TRUE,TRUE,FALSE
NZAC,NZAC04212557,NA,1970,11,-34.15959,172.1393,"Three Kings Islands, Great Island, Castaway Camp",Anagotus species_k,Anagotus,species_k,NA,TRUE,TRUE,TRUE,TRUE,FALSE,FALSE,TRUE,TRUE,TRUE,FALSE
NZAC,NZAC04212551,G Kuschel,1970,11,-34.15959,172.1393,"Three Kings Islands, Great Island, Castaway Camp",Anagotus species_k,Anagotus,species_k,NA,TRUE,TRUE,TRUE,TRUE,FALSE,FALSE,TRUE,TRUE,TRUE,FALSE
NZAC,NZAC04212552,P Johns,1963,12,-34.17604,172.07208,"Three Kings Islands, Southwest Island",Anagotus species_k,Anagotus,species_k,NA,TRUE,TRUE,TRUE,TRUE,TRUE,FALSE,TRUE,TRUE,TRUE,FALSE
NZAC,NZAC04212544,P Johns,1963,12,-34.17604,172.07208,"Three Kings Islands, Southwest Island",Anagotus species_k,Anagotus,species_k,NA,TRUE,TRUE,TRUE,TRUE,TRUE,FALSE,TRUE,TRUE,TRUE,FALSE
NZAC,NZAC04212546,G Kuschel,1970,11,-34.15959,172.1393,"Three Kings Islands, Great Island, West End",Anagotus species_k,Anagotus,species_k,NA,TRUE,TRUE,TRUE,TRUE,FALSE,FALSE,TRUE,TRUE,TRUE,FALSE
NZAC,NZAC04212556,G Kuschel,1970,11,-34.15959,172.1393,"Three Kings Islands, Great Island",Anagotus turbotti,Anagotus,turbotti,NA,TRUE,TRUE,TRUE,TRUE,FALSE,FALSE,TRUE,TRUE,TRUE,FALSE
NZAC,NZAC04212555,G Kuschel,1970,11,-34.15959,172.1393,"Three Kings Islands, Great Island",Anagotus turbotti,Anagotus,turbotti,NA,TRUE,TRUE,TRUE,TRUE,FALSE,FALSE,TRUE,TRUE,TRUE,FALSE
NZAC,NZAC04212550,G Kuschel,1970,11,-34.15959,172.1393,"Three Kings Islands, Great Island",Anagotus turbotti,Anagotus,turbotti,NA,TRUE,TRUE,TRUE,TRUE,FALSE,FALSE,TRUE,TRUE,TRUE,FALSE
NZAC,NZAC04212543,G Kuschel,1970,11,-34.15959,172.1393,"Three Kings Islands, Great Island",Anagotus turbotti,Anagotus,turbotti,NA,TRUE,TRUE,TRUE,TRUE,FALSE,FALSE,TRUE,TRUE,TRUE,FALSE
NZAC,NZAC04212548,G Kuschel,1970,11,-34.15959,172.1393,"Three Kings Islands, Great Island",Anagotus turbotti,Anagotus,turbotti,NA,TRUE,TRUE,TRUE,TRUE,FALSE,FALSE,TRUE,TRUE,TRUE,FALSE
NZAC,NZAC04212547,G Kuschel,1970,11,-34.15959,172.1393,"Three Kings Islands, Great Island",Anagotus turbotti,Anagotus,turbotti,NA,TRUE,TRUE,TRUE,TRUE,FALSE,FALSE,TRUE,TRUE,TRUE,FALSE
NZAC,NZAC04212553,P Johns,1963,12,-34.17604,172.07208,"Three Kings Islands, Southwest Island",Anagotus fairburni,Anagotus,fairburni,NA,TRUE,TRUE,TRUE,TRUE,TRUE,FALSE,TRUE,TRUE,TRUE,FALSE
NZAC,NZAC04212542,P Johns,1963,12,-34.17604,172.07208,"Three Kings Islands, Southwest Island",Anagotus fairburni,Anagotus,fairburni,NA,TRUE,TRUE,TRUE,TRUE,TRUE,FALSE,TRUE,TRUE,TRUE,FALSE
NZAC,NZAC04212541,P Johns,1963,12,-34.17604,172.07208,"Three Kings Islands, Southwest Island",Anagotus rugosus,Anagotus,rugosus,NA,TRUE,TRUE,TRUE,TRUE,TRUE,FALSE,TRUE,TRUE,TRUE,FALSE
NZAC,NZAC04239438,Sabrina Walters,1966,10,-46.155228,166.614017,"Preservation Inlet, Puysegur Point",Anagotus species_b,Anagotus,species_b,NA,TRUE,TRUE,TRUE,TRUE,TRUE,FALSE,FALSE,TRUE,TRUE,FALSE
NZAC,NZAC04239499,EM Connell,1966,10,-46.155228,166.614017,"Invercargill, Puysegur Point Lighthouse",Anagotus species_b,Anagotus,species_b,NA,TRUE,TRUE,TRUE,TRUE,TRUE,FALSE,FALSE,TRUE,TRUE,FALSE
NZAC,NZAC04239469,B McLean,1983,3,-45.66653,166.648178,Resolution Island,Anagotus species_b,Anagotus,species_b,NA,TRUE,TRUE,TRUE,TRUE,TRUE,TRUE,FALSE,TRUE,TRUE,FALSE
NZAC,NZAC04239439,JS Dugdale,1996,5,-45.57777,166.63752,Breaksea Island,Anagotus species_b,Anagotus,species_b,NA,TRUE,TRUE,TRUE,TRUE,TRUE,FALSE,FALSE,TRUE,TRUE,FALSE
NZAC,NZAC04239229,JS Dugdale,1996,5,-45.57777,166.63752,Breaksea Island,Anagotus species_b,Anagotus,species_b,NA,TRUE,TRUE,TRUE,TRUE,TRUE,FALSE,TRUE,TRUE,TRUE,FALSE
NZAC,NZAC04239409,JS Dugdale,1996,5,-45.57777,166.63752,Breaksea Island,Anagotus species_b,Anagotus,species_b,NA,TRUE,TRUE,TRUE,TRUE,TRUE,FALSE,TRUE,TRUE,TRUE,FALSE
NZAC,NZAC04239379,PM Johns,1964,8,-47.249329,167.411385,"Stewart Island, Puwai Long Island",Anagotus species_b,Anagotus,species_b,NA,TRUE,TRUE,TRUE,TRUE,TRUE,FALSE,TRUE,TRUE,TRUE,FALSE
NZAC,NZAC04239411,J McBurney,1971,12,-44.866173,170.370906,Mount Domett,Anagotus carinirostris,Anagotus,carinirostris,NA,TRUE,TRUE,TRUE,TRUE,TRUE,TRUE,FALSE,TRUE,TRUE,FALSE
NZAC,NZAC04239467,"JI Townsend, AK Walker",1965,2,-41.196912,172.733788,Mount Arthur,Anagotus carinirostris,Anagotus,carinirostris,NA,TRUE,TRUE,TRUE,TRUE,TRUE,TRUE,FALSE,TRUE,TRUE,FALSE
NZAC,NZAC04239377,"JI Townsend, AK Walker",1965,2,-41.196912,172.733788,Mount Arthur,Anagotus carinirostris,Anagotus,carinirostris,NA,TRUE,TRUE,TRUE,TRUE,TRUE,TRUE,FALSE,TRUE,TRUE,FALSE
NZAC,NZAC04239317,D Kershaw,1961,11,-41.554218,172.541742,Mount Owen,Anagotus carinirostris,Anagotus,carinirostris,NA,TRUE,TRUE,TRUE,TRUE,TRUE,TRUE,FALSE,TRUE,TRUE,FALSE
NZAC,NZAC04239347,JI Townsend,1964,2,-41.60158,172.328153,Matiri Tops,Anagotus carinirostris,Anagotus,carinirostris,NA,TRUE,TRUE,TRUE,TRUE,TRUE,TRUE,FALSE,TRUE,TRUE,FALSE
NZAC,NZAC04239322,JC Watt,1969,12,-42.082394,171.545162,"Paparoa Range, Mount Dewar",Anagotus species_c,Anagotus,species_c,NA,TRUE,TRUE,TRUE,TRUE,TRUE,TRUE,FALSE,TRUE,TRUE,FALSE
NZAC,NZAC04239234,JI Townsend,1961,11,-41.554218,172.541742,Mount Owen,Anagotus species_c,Anagotus,species_c,NA,TRUE,TRUE,TRUE,TRUE,TRUE,TRUE,FALSE,TRUE,TRUE,FALSE
NZAC,NZAC04239413,JI Townsend,1961,11,-41.554218,172.541742,Mount Owen,Anagotus species_c,Anagotus,species_c,NA,TRUE,TRUE,TRUE,TRUE,TRUE,TRUE,FALSE,TRUE,TRUE,FALSE
NZAC,NZAC04239323,JI Townsend,1961,11,-41.554218,172.541742,Mount Owen,Anagotus species_c,Anagotus,species_c,NA,TRUE,TRUE,TRUE,TRUE,TRUE,TRUE,FALSE,TRUE,TRUE,FALSE
NZAC,NZAC04239383,"JI Townsend, WP Thomas",1960,2,-41.554218,172.541742,Mount Owen,Anagotus species_c,Anagotus,species_c,NA,TRUE,TRUE,TRUE,TRUE,TRUE,TRUE,FALSE,TRUE,TRUE,FALSE
NZAC,NZAC04239353,Morgan,1958,1,-41.736132,171.795101,Pakawau Area,Anagotus species_c,Anagotus,species_c,NA,TRUE,TRUE,TRUE,TRUE,TRUE,TRUE,FALSE,TRUE,TRUE,FALSE
NZAC,NZAC04239264,Morgan,1958,1,-41.736132,171.795101,Pakawau Area,Anagotus species_c,Anagotus,species_c,NA,TRUE,TRUE,TRUE,TRUE,TRUE,TRUE,FALSE,TRUE,TRUE,FALSE
NZAC,NZAC04239324,JI Townsend,1962,10,-41.554218,172.541742,"Nelson, Mount Owen",Anagotus species_c,Anagotus,species_c,NA,TRUE,TRUE,TRUE,TRUE,TRUE,TRUE,FALSE,TRUE,TRUE,FALSE
NZAC,NZAC04239382,PM Johns,1974,12,-41.736132,171.795101,"Arthurs Pass National Park, Temple Basin",Anagotus species_c,Anagotus,species_c,NA,TRUE,TRUE,TRUE,TRUE,TRUE,TRUE,FALSE,TRUE,TRUE,FALSE
NZAC,NZAC04239233,JI Townsend,1961,11,-41.554218,172.541742,Mount Owen,Anagotus species_c,Anagotus,species_c,NA,TRUE,TRUE,TRUE,TRUE,TRUE,TRUE,FALSE,TRUE,TRUE,FALSE
NZAC,NZAC04239362,JI Townsend,1962,11,-41.550117,173.074751,Ben Nevis,Anagotus species_c,Anagotus,species_c,NA,TRUE,TRUE,TRUE,TRUE,TRUE,TRUE,FALSE,TRUE,TRUE,FALSE
NZAC,NZAC04239360,JI Townsend,1962,11,-41.550117,173.074751,Ben Nevis,Anagotus species_c,Anagotus,species_c,NA,TRUE,TRUE,TRUE,TRUE,TRUE,TRUE,FALSE,TRUE,TRUE,FALSE
NZAC,NZAC04040211,JC Watt,1980,9,-35.45532,174.73726,"Poor Knights Islands, Tawhiti Rahi Island",Anagotus species_d,Anagotus,species_d,NA,TRUE,TRUE,TRUE,TRUE,TRUE,FALSE,TRUE,TRUE,TRUE,FALSE
NZAC,NZAC04266257,NA,1981,12,-35.478652,174.742441,"Poor Knights Islands, Aorangi Island, Crater Bay",Anagotus NA,Anagotus,NA,NA,TRUE,TRUE,TRUE,TRUE,TRUE,FALSE,TRUE,TRUE,TRUE,FALSE
NZAC,NZAC04273127,G Kuschel,1980,12,-35.45532,174.73726,"Poor Knights Islands, Tawhiti Rahi Island",Anagotus rugosus,Anagotus,rugosus,NA,TRUE,TRUE,TRUE,TRUE,TRUE,FALSE,TRUE,TRUE,TRUE,FALSE
NZAC,NZAC04273247,G Kuschel,1980,12,-35.45532,174.73726,"Poor Knights Islands, Tawhiti Rahi Island",Anagotus rugosus,Anagotus,rugosus,NA,TRUE,TRUE,TRUE,TRUE,TRUE,FALSE,TRUE,TRUE,TRUE,FALSE
NZAC,NZAC04273397,JC Watt,1956,1,-35.45532,174.73726,"Poor Knights Islands, Tawhiti Rahi Island",Anagotus rugosus,Anagotus,rugosus,NA,TRUE,TRUE,TRUE,TRUE,TRUE,FALSE,TRUE,TRUE,TRUE,FALSE
NZAC,NZAC04273337,"Majors Buddle, Wilson",1943,1,-35.45532,174.73726,"Poor Knights Islands, Tawhiti Rahi Island",Anagotus rugosus,Anagotus,rugosus,NA,TRUE,TRUE,TRUE,TRUE,TRUE,FALSE,TRUE,TRUE,TRUE,FALSE
NZAC,NZAC04273217,JS Dugdale,1981,11,-35.478652,174.742441,"Poor Knights Islands, Aorangi Island, Puweto Valley",Anagotus rugosus,Anagotus,rugosus,NA,TRUE,TRUE,TRUE,TRUE,TRUE,FALSE,TRUE,TRUE,TRUE,FALSE
NZAC,NZAC04273307,JC Watt,1981,11,-35.478652,174.742441,Poor Knights Islands,Anagotus rugosus,Anagotus,rugosus,NA,TRUE,TRUE,TRUE,TRUE,TRUE,FALSE,TRUE,TRUE,TRUE,FALSE
NZAC,NZAC04273187,Coll?,NA,NA,-35.911594,175.101085,Mokohinau Islands,Anagotus rugosus,Anagotus,rugosus,NA,TRUE,TRUE,TRUE,TRUE,TRUE,FALSE,TRUE,TRUE,TRUE,FALSE
NZAC,NZAC04273157,I Southey,1983,5,-36.63714,175.861759,"Mercury Islands, Middle Island",Anagotus rugosus,Anagotus,rugosus,NA,TRUE,TRUE,TRUE,TRUE,TRUE,FALSE,TRUE,TRUE,TRUE,FALSE
NZAC,NZAC04273367,JS Dugdale,1981,11,-35.478652,174.742441,"Poor Knights Islands, Aorangi Island, forest behind landing",Anagotus turbotti,Anagotus,turbotti,NA,TRUE,TRUE,TRUE,TRUE,TRUE,FALSE,TRUE,TRUE,TRUE,FALSE
NZAC,NZAC04273308,JC Watt,1981,11,-35.478652,174.742441,"Poor Knights Islands, Aorangi Island",Anagotus turbotti,Anagotus,turbotti,NA,TRUE,TRUE,TRUE,TRUE,TRUE,FALSE,TRUE,TRUE,TRUE,FALSE
NZAC,NZAC04273248,JC Watt,1981,11,-35.478652,174.742441,"Poor Knights Islands, Aorangi Island",Anagotus turbotti,Anagotus,turbotti,NA,TRUE,TRUE,TRUE,TRUE,TRUE,FALSE,TRUE,TRUE,TRUE,FALSE
NZAC,NZAC04273188,JC Watt,1981,11,-35.478652,174.742441,"Poor Knights Islands, Aorangi Island",Anagotus turbotti,Anagotus,turbotti,NA,TRUE,TRUE,TRUE,TRUE,TRUE,FALSE,TRUE,TRUE,TRUE,FALSE
NZAC,NZAC04162160,CF Butcher,1980,12,-35.45532,174.73726,"Poor Knights Islands, Tawhiti Rahi Island",Anagotus turbotti,Anagotus,turbotti,NA,TRUE,TRUE,TRUE,TRUE,TRUE,FALSE,TRUE,TRUE,TRUE,FALSE
NZAC,NZAC04278328,J McBurney,1969,2,-47.23777,167.40752,Big South Cape,Anagotus species_j,Anagotus,species_j,NA,TRUE,TRUE,TRUE,TRUE,TRUE,FALSE,TRUE,TRUE,TRUE,FALSE
NZAC,NZAC04278334,ES Gourlay,1933,1,-40.67069,173.9983,Stephens Island,Anagotus fairburni,Anagotus,fairburni,NA,TRUE,TRUE,TRUE,TRUE,TRUE,FALSE,TRUE,TRUE,TRUE,FALSE
NZAC,NZAC04278339,JC Watt,1980,9,-35.45532,174.73726,"Poor Knights Islands, Tawhiti Rahi",Anagotus fairburni,Anagotus,fairburni,NA,TRUE,TRUE,TRUE,TRUE,TRUE,FALSE,TRUE,TRUE,TRUE,FALSE
NZAC,NZAC04278340,JC Watt,1980,9,-35.45532,174.73726,"Poor Knights Islands, Tawhiti Rahi",Anagotus fairburni,Anagotus,fairburni,NA,TRUE,TRUE,TRUE,TRUE,TRUE,FALSE,TRUE,TRUE,TRUE,FALSE
NZAC,NZAC04278341,JC Watt,1980,9,-35.45532,174.73726,"Poor Knights Islands, Tawhiti Rahi",Anagotus fairburni,Anagotus,fairburni,NA,TRUE,TRUE,TRUE,TRUE,TRUE,FALSE,TRUE,TRUE,TRUE,FALSE
NZAC,NZAC04278342,JC Watt,1980,9,-35.45532,174.73726,"Poor Knights Islands, Tawhiti Rahi",Anagotus fairburni,Anagotus,fairburni,NA,TRUE,TRUE,TRUE,TRUE,TRUE,FALSE,TRUE,TRUE,TRUE,FALSE
NZAC,NZAC04278343,JC Watt,1980,9,-35.45532,174.73726,"Poor Knights Islands, Tawhiti Rahi",Anagotus fairburni,Anagotus,fairburni,NA,TRUE,TRUE,TRUE,TRUE,TRUE,FALSE,TRUE,TRUE,TRUE,FALSE
NZAC,NZAC04278344,D Court,1980,9,-35.45532,174.73726,"Poor Knights Islands, Tawhiti Rahi",Anagotus fairburni,Anagotus,fairburni,NA,TRUE,TRUE,TRUE,TRUE,TRUE,FALSE,TRUE,TRUE,TRUE,FALSE
NZAC,NZAC04278345,G Kuschel,1980,12,-35.45532,174.73726,"Poor Knights Islands, Tawhiti Rahi",Anagotus fairburni,Anagotus,fairburni,NA,TRUE,TRUE,TRUE,TRUE,TRUE,FALSE,TRUE,TRUE,TRUE,FALSE
NZAC,NZAC04278376,G Kuschel,1980,12,-35.45532,174.73726,"Poor Knights Islands, Tawhiti Rahi",Anagotus fairburni,Anagotus,fairburni,NA,TRUE,TRUE,TRUE,TRUE,TRUE,FALSE,TRUE,TRUE,TRUE,FALSE
NZAC,NZAC04278377,G Kuschel,1980,12,-35.45532,174.73726,"Poor Knights Islands, Tawhiti Rahi",Anagotus fairburni,Anagotus,fairburni,NA,TRUE,TRUE,TRUE,TRUE,TRUE,FALSE,TRUE,TRUE,TRUE,FALSE
NZAC,NZAC04278378,G Kuschel,1980,12,-35.45532,174.73726,"Poor Knights Islands, Tawhiti Rahi",Anagotus fairburni,Anagotus,fairburni,NA,TRUE,TRUE,TRUE,TRUE,TRUE,FALSE,TRUE,TRUE,TRUE,FALSE
NZAC,NZAC04278379,G Kuschel,1980,12,-35.45532,174.73726,"Poor Knights Islands, Tawhiti Rahi",Anagotus fairburni,Anagotus,fairburni,NA,TRUE,TRUE,TRUE,TRUE,TRUE,FALSE,TRUE,TRUE,TRUE,FALSE
NZAC,NZAC04278381,NA,1966,10,-35.478652,174.742441,"Poor Knights Islands, Aorangi Islands, Urupa Point",Anagotus fairburni,Anagotus,fairburni,NA,TRUE,TRUE,TRUE,TRUE,TRUE,FALSE,TRUE,TRUE,TRUE,FALSE
NZAC,NZAC04278380,GW Ramsay,1972,11,-36.95324,176.09473,"Alderman Islands, Ruamahuanui Island",Anagotus fairburni,Anagotus,fairburni,NA,TRUE,TRUE,TRUE,TRUE,TRUE,FALSE,TRUE,TRUE,TRUE,FALSE
NZAC,NZAC04278382,GW Ramsay,1972,11,-36.95324,176.09473,"Alderman Islands, Ruamahuanui Island",Anagotus fairburni,Anagotus,fairburni,NA,TRUE,TRUE,TRUE,TRUE,TRUE,FALSE,TRUE,TRUE,TRUE,FALSE
NZAC,NZAC04278383,GW Ramsay,1972,11,-36.95324,176.09473,"Alderman Islands, Ruamahuanui Island",Anagotus fairburni,Anagotus,fairburni,NA,TRUE,TRUE,TRUE,TRUE,TRUE,FALSE,TRUE,TRUE,TRUE,FALSE
NZAC,NZAC04278384,GW Ramsay,1972,11,-36.95324,176.09473,"Alderman Islands, Ruamahuanui Island",Anagotus fairburni,Anagotus,fairburni,NA,TRUE,TRUE,TRUE,TRUE,TRUE,FALSE,TRUE,TRUE,TRUE,FALSE
NZAC,NZAC04278385,GW Ramsay,1972,11,-36.95324,176.09473,"Alderman Islands, Ruamahuanui Island",Anagotus fairburni,Anagotus,fairburni,NA,TRUE,TRUE,TRUE,TRUE,TRUE,FALSE,TRUE,TRUE,TRUE,FALSE
NZAC,NZAC04278386,GW Ramsay,1972,11,-36.95324,176.09473,"Alderman Islands, Ruamahuanui Island",Anagotus fairburni,Anagotus,fairburni,NA,TRUE,TRUE,TRUE,TRUE,TRUE,FALSE,TRUE,TRUE,TRUE,FALSE
NZAC,NZAC04278387,GW Ramsay,1972,11,-36.95324,176.09473,"Alderman Islands, Ruamahuanui Island",Anagotus fairburni,Anagotus,fairburni,NA,TRUE,TRUE,TRUE,TRUE,TRUE,FALSE,TRUE,TRUE,TRUE,FALSE
NZAC,NZAC04278388,GW Ramsay,1972,11,-36.95324,176.09473,"Alderman Islands, Ruamahuanui Island",Anagotus fairburni,Anagotus,fairburni,NA,TRUE,TRUE,TRUE,TRUE,TRUE,FALSE,TRUE,TRUE,TRUE,FALSE
NZAC,NZAC04278389,GW Ramsay,1972,11,-36.95324,176.09473,"Alderman Islands, Ruamahuanui Island",Anagotus fairburni,Anagotus,fairburni,NA,TRUE,TRUE,TRUE,TRUE,TRUE,FALSE,TRUE,TRUE,TRUE,FALSE
NZAC,NZAC04278390,GW Ramsay,1972,11,-36.95324,176.09473,"Alderman Islands, Ruamahuanui Island",Anagotus fairburni,Anagotus,fairburni,NA,TRUE,TRUE,TRUE,TRUE,TRUE,FALSE,TRUE,TRUE,TRUE,FALSE
NZAC,NZAC04278391,GW Ramsay,1972,11,-36.95324,176.09473,"Alderman Islands, Ruamahuanui Island",Anagotus fairburni,Anagotus,fairburni,NA,TRUE,TRUE,TRUE,TRUE,TRUE,FALSE,TRUE,TRUE,TRUE,FALSE
NZAC,NZAC04278403,BA Holloway,1961,11,-41.11418,174.32762,"Cook Straight, Queen Charlotte Sound, Motungarara Island",Anagotus fairburni,Anagotus,fairburni,NA,TRUE,TRUE,TRUE,TRUE,TRUE,FALSE,TRUE,TRUE,TRUE,FALSE
NZAC,NZAC04278404,BA Holloway,1961,11,-41.11418,174.32762,"Cook Straight, Queen Charlotte Sound, Motungarara Island",Anagotus fairburni,Anagotus,fairburni,NA,TRUE,TRUE,TRUE,TRUE,TRUE,FALSE,TRUE,TRUE,TRUE,FALSE
NZAC,NZAC04278405,BA Holloway,1961,11,-41.11418,174.32762,"Cook Straight, Queen Charlotte Sound, Motungarara Island",Anagotus fairburni,Anagotus,fairburni,NA,TRUE,TRUE,TRUE,TRUE,TRUE,FALSE,TRUE,TRUE,TRUE,FALSE
NZAC,NZAC04278430,G Kuschel,1984,11,-47.23777,167.40752,"South West Stewart Island, North East Big South Cape Island",Anagotus fairburni,Anagotus,fairburni,NA,TRUE,TRUE,TRUE,TRUE,TRUE,FALSE,TRUE,TRUE,TRUE,FALSE
NZAC,NZAC04283823,J McBurney,1971,2,-40.67069,173.9983,Stephens Island,Anagotus fairburni,Anagotus,fairburni,NA,TRUE,TRUE,TRUE,TRUE,TRUE,FALSE,TRUE,TRUE,TRUE,FALSE
NZAC,NZAC04283824,J McBurney,1971,2,-40.67069,173.9983,Stephens Island,Anagotus fairburni,Anagotus,fairburni,NA,TRUE,TRUE,TRUE,TRUE,TRUE,FALSE,TRUE,TRUE,TRUE,FALSE
NZAC,NZAC04283825,J McBurney,1971,2,-40.67069,173.9983,Stephens Island,Anagotus fairburni,Anagotus,fairburni,NA,TRUE,TRUE,TRUE,TRUE,TRUE,FALSE,TRUE,TRUE,TRUE,FALSE
NZAC,NZAC04283826,J McBurney,1971,2,-40.67069,173.9983,Stephens Island,Anagotus fairburni,Anagotus,fairburni,NA,TRUE,TRUE,TRUE,TRUE,TRUE,FALSE,TRUE,TRUE,TRUE,FALSE
NZAC,NZAC04283856,G Ramsay,1971,2,-40.67069,173.9983,Stephens Island,Anagotus rugosus,Anagotus,rugosus,NA,TRUE,TRUE,TRUE,TRUE,TRUE,FALSE,TRUE,TRUE,TRUE,FALSE
NZAC,NZAC04283857,G Ramsay,1971,2,-40.67069,173.9983,Stephens Island,Anagotus rugosus,Anagotus,rugosus,NA,TRUE,TRUE,TRUE,TRUE,TRUE,FALSE,TRUE,TRUE,TRUE,FALSE
NZAC,NZAC04283858,G Ramsay,1971,2,-40.67069,173.9983,Stephens Island,Anagotus rugosus,Anagotus,rugosus,NA,TRUE,TRUE,TRUE,TRUE,TRUE,FALSE,TRUE,TRUE,TRUE,FALSE
NZAC,NZAC04283859,G Ramsay,1971,2,-40.67069,173.9983,Stephens Island,Anagotus rugosus,Anagotus,rugosus,NA,TRUE,TRUE,TRUE,TRUE,TRUE,FALSE,TRUE,TRUE,TRUE,FALSE
NZAC,NZAC04283860,G Ramsay,1971,2,-40.67069,173.9983,Stephens Island,Anagotus rugosus,Anagotus,rugosus,NA,TRUE,TRUE,TRUE,TRUE,TRUE,FALSE,TRUE,TRUE,TRUE,FALSE
NZAC,NZAC04283861,G Ramsay,1971,2,-40.67069,173.9983,Stephens Island,Anagotus rugosus,Anagotus,rugosus,NA,TRUE,TRUE,TRUE,TRUE,TRUE,FALSE,TRUE,TRUE,TRUE,FALSE
NZAC,NZAC04283862,G Ramsay,1971,2,-40.67069,173.9983,Stephens Island,Anagotus rugosus,Anagotus,rugosus,NA,TRUE,TRUE,TRUE,TRUE,TRUE,FALSE,TRUE,TRUE,TRUE,FALSE
NZAC,NZAC04283863,G Ramsay,1971,2,-40.67069,173.9983,Stephens Island,Anagotus rugosus,Anagotus,rugosus,NA,TRUE,TRUE,TRUE,TRUE,TRUE,FALSE,TRUE,TRUE,TRUE,FALSE
NZAC,NZAC04283864,G Ramsay,1971,2,-40.67069,173.9983,Stephens Island,Anagotus rugosus,Anagotus,rugosus,NA,TRUE,TRUE,TRUE,TRUE,TRUE,FALSE,TRUE,TRUE,TRUE,FALSE
NZAC,NZAC04283865,G Kuschel,1971,2,-40.67069,173.9983,Stephens Island,Anagotus rugosus,Anagotus,rugosus,NA,TRUE,TRUE,TRUE,TRUE,TRUE,FALSE,TRUE,TRUE,TRUE,FALSE
NZAC,NZAC04283866,G Kuschel,1971,2,-40.67069,173.9983,Stephens Island,Anagotus rugosus,Anagotus,rugosus,NA,TRUE,TRUE,TRUE,TRUE,TRUE,FALSE,TRUE,TRUE,TRUE,FALSE
NZAC,NZAC04283867,G Kuschel,1971,2,-40.67069,173.9983,Stephens Island,Anagotus rugosus,Anagotus,rugosus,NA,TRUE,TRUE,TRUE,TRUE,TRUE,FALSE,TRUE,TRUE,TRUE,FALSE
NZAC,NZAC04283868,ES Gourlay,1935,1,-40.67069,173.9983,Stephens Island,Anagotus rugosus,Anagotus,rugosus,NA,TRUE,TRUE,TRUE,TRUE,TRUE,FALSE,TRUE,TRUE,TRUE,FALSE
NZAC,NZAC04283869,AC O'Connor,1916,9,-40.67069,173.9983,"Cook Strait, Stephens Island",Anagotus rugosus,Anagotus,rugosus,NA,TRUE,TRUE,TRUE,TRUE,TRUE,FALSE,TRUE,TRUE,TRUE,FALSE
NZAC,NZAC04283870,E Fairburn,1931,1,-40.67069,173.9983,"Cook Strait, Stephens Island",Anagotus rugosus,Anagotus,rugosus,NA,TRUE,TRUE,TRUE,TRUE,TRUE,FALSE,TRUE,TRUE,TRUE,FALSE
NZAC,NZAC04283871,E Fairburn,1931,1,-40.67069,173.9983,Stephens Island,Anagotus rugosus,Anagotus,rugosus,NA,TRUE,TRUE,TRUE,TRUE,TRUE,FALSE,TRUE,TRUE,TRUE,FALSE
NZAC,NZAC04283872,MJ Meads,1976,4,-40.67069,173.9983,"Cook Strait, Stephens Island",Anagotus rugosus,Anagotus,rugosus,NA,TRUE,TRUE,TRUE,TRUE,TRUE,FALSE,TRUE,TRUE,TRUE,FALSE
NZAC,NZAC04283873,ES Gourlay,1933,1,-40.67069,173.9983,Stephens Island,Anagotus rugosus,Anagotus,rugosus,NA,TRUE,TRUE,TRUE,TRUE,TRUE,FALSE,TRUE,TRUE,TRUE,FALSE
NZAC,NZAC04283874,E Fairburn,1931,1,-40.67069,173.9983,Stephens Island,Anagotus rugosus,Anagotus,rugosus,NA,TRUE,TRUE,TRUE,TRUE,TRUE,FALSE,TRUE,TRUE,TRUE,FALSE
NZAC,NZAC04283875,AC O'Connor,1915,9,-40.67069,173.9983,Stephens Island,Anagotus rugosus,Anagotus,rugosus,NA,TRUE,TRUE,TRUE,TRUE,TRUE,FALSE,TRUE,TRUE,TRUE,FALSE
NZAC,NZAC04283876,ES Gourlay,1932,NA,-40.67069,173.9983,Stephens Island,Anagotus rugosus,Anagotus,rugosus,NA,TRUE,TRUE,TRUE,TRUE,TRUE,FALSE,TRUE,TRUE,TRUE,FALSE
NZAC,NZAC04283877,ES Gourlay,1933,1,-40.67069,173.9983,Stephens Island,Anagotus rugosus,Anagotus,rugosus,NA,TRUE,TRUE,TRUE,TRUE,TRUE,FALSE,TRUE,TRUE,TRUE,FALSE
NZAC,NZAC04283878,ES Gourlay,1932,NA,-40.67069,173.9983,Stephens Island,Anagotus rugosus,Anagotus,rugosus,NA,TRUE,TRUE,TRUE,TRUE,TRUE,FALSE,TRUE,TRUE,TRUE,FALSE
NZAC,NZAC04283879,NA,NA,9,-40.67069,173.9983,Stephens Island,Anagotus rugosus,Anagotus,rugosus,NA,TRUE,TRUE,TRUE,TRUE,TRUE,FALSE,TRUE,TRUE,TRUE,FALSE
NZAC,NZAC04283880,AC O'Connor,1916,9,-40.67069,173.9983,"Cook Strait, Stephens Island",Anagotus rugosus,Anagotus,rugosus,NA,TRUE,TRUE,TRUE,TRUE,TRUE,FALSE,TRUE,TRUE,TRUE,FALSE
NZAC,NZAC04283881,AC O'Connor,1916,9,-40.67069,173.9983,Stephens Island,Anagotus rugosus,Anagotus,rugosus,NA,TRUE,TRUE,TRUE,TRUE,TRUE,FALSE,TRUE,TRUE,TRUE,FALSE
NZAC,NZAC04283882,ES Gourlay,1933,1,-40.67069,173.9983,Stephens Island,Anagotus rugosus,Anagotus,rugosus,NA,TRUE,TRUE,TRUE,TRUE,TRUE,FALSE,TRUE,TRUE,TRUE,FALSE
NZAC,NZAC04283883,ES Gourlay,1933,1,-40.67069,173.9983,Stephens Island,Anagotus rugosus,Anagotus,rugosus,NA,TRUE,TRUE,TRUE,TRUE,TRUE,FALSE,TRUE,TRUE,TRUE,FALSE
NZAC,NZAC04283884,AC O'Connor,1915,9,-40.67069,173.9983,Stephens Island,Anagotus rugosus,Anagotus,rugosus,NA,TRUE,TRUE,TRUE,TRUE,TRUE,FALSE,TRUE,TRUE,TRUE,FALSE
NZAC,NZAC04283885,ES Gourlay,1931,12,-40.67069,173.9983,"Cook Strait, Stephens Island",Anagotus rugosus,Anagotus,rugosus,NA,TRUE,TRUE,TRUE,TRUE,TRUE,FALSE,TRUE,TRUE,TRUE,FALSE
NZAC,NZAC04283886,ES Gourlay,1931,12,-40.67069,173.9983,"Cook Strait, Stephens Island",Anagotus rugosus,Anagotus,rugosus,NA,TRUE,TRUE,TRUE,TRUE,TRUE,FALSE,TRUE,TRUE,TRUE,FALSE
NZAC,NZAC04283887,E Fairburn,1931,1,-40.67069,173.9983,Stephens Island,Anagotus rugosus,Anagotus,rugosus,NA,TRUE,TRUE,TRUE,TRUE,TRUE,FALSE,TRUE,TRUE,TRUE,FALSE
NZAC,NZAC04283888,E Fairburn,1931,1,-40.67069,173.9983,Stephens Island,Anagotus rugosus,Anagotus,rugosus,NA,TRUE,TRUE,TRUE,TRUE,TRUE,FALSE,TRUE,TRUE,TRUE,FALSE
NZAC,NZAC04283892,GW Gibbs,1957,5,-41.11406,174.43284,Brothers Island,Anagotus rugosus,Anagotus,rugosus,NA,TRUE,TRUE,TRUE,TRUE,TRUE,FALSE,TRUE,TRUE,TRUE,FALSE
NZAC,NZAC04283889,PR Notman,1981,11,-40.67069,173.9983,"Stephens Island, Keepers Bush",Anagotus rugosus,Anagotus,rugosus,NA,TRUE,TRUE,TRUE,TRUE,TRUE,FALSE,TRUE,TRUE,TRUE,FALSE
NZAC,NZAC04283890,ES Gourlay,1933,1,-40.67069,173.9983,Stephens Island,Anagotus rugosus,Anagotus,rugosus,NA,TRUE,TRUE,TRUE,TRUE,TRUE,FALSE,TRUE,TRUE,TRUE,FALSE
NZAC,NZAC04283891,ES Gourlay,1933,1,-40.67069,173.9983,Stephens Island,Anagotus rugosus,Anagotus,rugosus,NA,TRUE,TRUE,TRUE,TRUE,TRUE,FALSE,TRUE,TRUE,TRUE,FALSE
NZAC,NZAC04283893,GW Ramsay,1956,5,-41.11406,174.43284,The Brothers,Anagotus rugosus,Anagotus,rugosus,NA,TRUE,TRUE,TRUE,TRUE,TRUE,FALSE,TRUE,TRUE,TRUE,FALSE
NZAC,NZAC04283894,GW Ramsay,1956,5,-41.11406,174.43284,The Brothers,Anagotus rugosus,Anagotus,rugosus,NA,TRUE,TRUE,TRUE,TRUE,TRUE,FALSE,TRUE,TRUE,TRUE,FALSE
NZAC,NZAC04283895,GW Ramsay,1956,5,-41.11406,174.43284,The Brothers,Anagotus rugosus,Anagotus,rugosus,NA,TRUE,TRUE,TRUE,TRUE,TRUE,FALSE,TRUE,TRUE,TRUE,FALSE
NZAC,NZAC04283896,GW Ramsay,1956,5,-41.11406,174.43284,The Brothers,Anagotus rugosus,Anagotus,rugosus,NA,TRUE,TRUE,TRUE,TRUE,TRUE,FALSE,TRUE,TRUE,TRUE,FALSE
NZAC,NZAC04283897,GW Ramsay,1956,5,-41.11406,174.43284,The Brothers,Anagotus rugosus,Anagotus,rugosus,NA,TRUE,TRUE,TRUE,TRUE,TRUE,FALSE,TRUE,TRUE,TRUE,FALSE
NZAC,NZAC04283898,GW Ramsay,1956,5,-41.11406,174.43284,The Brothers,Anagotus rugosus,Anagotus,rugosus,NA,TRUE,TRUE,TRUE,TRUE,TRUE,FALSE,TRUE,TRUE,TRUE,FALSE
NZAC,NZAC04283899,GW Ramsay,1956,5,-41.11406,174.43284,The Brothers,Anagotus rugosus,Anagotus,rugosus,NA,TRUE,TRUE,TRUE,TRUE,TRUE,FALSE,TRUE,TRUE,TRUE,FALSE
NZAC,NZAC04283900,GW Ramsay,1956,5,-41.11406,174.43284,The Brothers,Anagotus rugosus,Anagotus,rugosus,NA,TRUE,TRUE,TRUE,TRUE,TRUE,FALSE,TRUE,TRUE,TRUE,FALSE
NZAC,NZAC04283901,GW Ramsay,1956,5,-41.11406,174.43284,The Brothers,Anagotus rugosus,Anagotus,rugosus,NA,TRUE,TRUE,TRUE,TRUE,TRUE,FALSE,TRUE,TRUE,TRUE,FALSE
NZAC,NZAC04283904,"Sandager, Lewis",NA,NA,-41.11406,174.43284,Brothers Island,Anagotus rugosus,Anagotus,rugosus,NA,TRUE,TRUE,TRUE,TRUE,TRUE,FALSE,TRUE,TRUE,TRUE,FALSE
NZAC,NZAC04283903,"Sandager, Lewis",NA,NA,-41.11406,174.43284,Brothers Island,Anagotus rugosus,Anagotus,rugosus,NA,TRUE,TRUE,TRUE,TRUE,TRUE,FALSE,TRUE,TRUE,TRUE,FALSE
NZAC,NZAC04283902,BA Holloway,1952,1,-41.11406,174.43284,The Brothers Island,Anagotus rugosus,Anagotus,rugosus,NA,TRUE,TRUE,TRUE,TRUE,TRUE,FALSE,TRUE,TRUE,TRUE,FALSE
NZAC,NZAC04283905,"Sandager, Lewis",NA,NA,-41.11406,174.43284,Brothers Island,Anagotus rugosus,Anagotus,rugosus,NA,TRUE,TRUE,TRUE,TRUE,TRUE,FALSE,TRUE,TRUE,TRUE,FALSE
NZAC,NZAC04283906,NA,NA,NA,-41.11406,174.43284,"Cook Strait, Brothers Isle",Anagotus rugosus,Anagotus,rugosus,NA,TRUE,TRUE,TRUE,TRUE,TRUE,FALSE,TRUE,TRUE,TRUE,FALSE
NZAC,NZAC04283907,G Ramsay,1953,12,-40.838522,173.999147,Trio Islands,Anagotus rugosus,Anagotus,rugosus,NA,TRUE,TRUE,TRUE,TRUE,TRUE,FALSE,TRUE,TRUE,TRUE,FALSE
NZAC,NZAC04283908,PR Notman,1981,4,-41.0245,173.88959,"Maud Island, main bush, near homestead",Anagotus rugosus,Anagotus,rugosus,NA,TRUE,TRUE,TRUE,TRUE,TRUE,FALSE,TRUE,TRUE,TRUE,FALSE
NZAC,NZAC04283909,PR Notman,1980,11,-41.0245,173.88959,"Maud Island, main bush",Anagotus rugosus,Anagotus,rugosus,NA,TRUE,TRUE,TRUE,TRUE,TRUE,FALSE,TRUE,TRUE,TRUE,FALSE
NZAC,NZAC04283910,PR Notman,1980,11,-41.0245,173.88959,"Maud Island, main bush",Anagotus rugosus,Anagotus,rugosus,NA,TRUE,TRUE,TRUE,TRUE,TRUE,FALSE,TRUE,TRUE,TRUE,FALSE
NZAC,NZAC04283911,P Johns,1963,7,-40.88183,174.1412,"Marlborough Sounds, Sentinel",Anagotus rugosus,Anagotus,rugosus,NA,TRUE,TRUE,TRUE,TRUE,TRUE,FALSE,TRUE,TRUE,TRUE,FALSE
NZAC,NZAC04283912,P Johns,1963,7,-40.88183,174.1412,"Marlborough Sounds, Sentinel",Anagotus rugosus,Anagotus,rugosus,NA,TRUE,TRUE,TRUE,TRUE,TRUE,FALSE,TRUE,TRUE,TRUE,FALSE
NZAC,NZAC04283913,P Johns,1963,7,-40.88183,174.1412,"Marlborough Sounds, Sentinel",Anagotus rugosus,Anagotus,rugosus,NA,TRUE,TRUE,TRUE,TRUE,TRUE,FALSE,TRUE,TRUE,TRUE,FALSE
NZAC,NZAC04283914,BA Holloway,1953,12,-40.88183,174.1412,"Cook Strait, The Sentinel",Anagotus rugosus,Anagotus,rugosus,NA,TRUE,TRUE,TRUE,TRUE,TRUE,FALSE,TRUE,TRUE,TRUE,FALSE
NZAC,NZAC04283915,P Johns,1963,7,-40.8961,174.08309,"Out Chetwode Island, campsite",Anagotus rugosus,Anagotus,rugosus,NA,TRUE,TRUE,TRUE,TRUE,TRUE,FALSE,TRUE,TRUE,TRUE,FALSE
NZAC,NZAC04283916,JC Yaldwin,1959,10,-41.11418,174.32762,"Cook Strait, Motungarare Island",Anagotus rugosus,Anagotus,rugosus,NA,TRUE,TRUE,TRUE,TRUE,TRUE,FALSE,TRUE,TRUE,TRUE,FALSE
NZAC,NZAC04283370,O'Connor,1916,9,-40.67069,173.9983,Stephens Island,Anagotus stephenensis,Anagotus,stephenensis,NA,TRUE,TRUE,TRUE,TRUE,TRUE,FALSE,TRUE,TRUE,TRUE,FALSE
NZAC,NZAC04283369,NA,1916,9,-40.67069,173.9983,Stephens Island,Anagotus stephenensis,Anagotus,stephenensis,NA,TRUE,TRUE,TRUE,TRUE,TRUE,FALSE,TRUE,TRUE,TRUE,FALSE
NZAC,NZAC04283384,NA,1916,9,-40.67069,173.9983,Stephens Island,Anagotus stephenensis,Anagotus,stephenensis,NA,TRUE,TRUE,TRUE,TRUE,TRUE,FALSE,TRUE,TRUE,TRUE,FALSE
NZAC,NZAC04040213,G Kuschel,1970,11,-34.15959,172.1393,"Three Kings Islands, Great Island",Anagotus species_k,Anagotus,species_k,NA,TRUE,TRUE,TRUE,TRUE,FALSE,FALSE,TRUE,TRUE,TRUE,FALSE
NHMUK,NHMUK016119859,NA,NA,NA,-41.113923,174.432678,"Brothers Isles, New Zealand",Anagotus rugosus,Anagotus,rugosus,NA,TRUE,TRUE,TRUE,TRUE,TRUE,FALSE,TRUE,TRUE,TRUE,FALSE
NHMUK,NHMUK016119860,NA,NA,NA,-35.905606,175.114431,Mokohinau,Anagotus rugosus,Anagotus,rugosus,NA,TRUE,TRUE,TRUE,TRUE,TRUE,FALSE,TRUE,TRUE,TRUE,FALSE
NHMUK,NHMUK016119863,NA,1916,9,-40.67069,173.9983,Stephens Isd.,Anagotus stephenensis,Anagotus,stephenensis,15,TRUE,TRUE,TRUE,TRUE,TRUE,FALSE,TRUE,TRUE,TRUE,FALSE
NHMUK,NHMUK016119864,NA,1916,9,-40.67069,173.9983,Stephens Isd.,Anagotus stephenensis,Anagotus,stephenensis,15,TRUE,TRUE,TRUE,TRUE,TRUE,FALSE,TRUE,TRUE,TRUE,FALSE
NHMUK,NHMUK016119865,NA,1916,9,-40.67069,173.9983,Stephens Isd.,Anagotus rugosus,Anagotus,rugosus,17,TRUE,TRUE,TRUE,TRUE,TRUE,FALSE,TRUE,TRUE,TRUE,FALSE
NHMUK,NHMUK016119866,NA,1916,9,-40.67069,173.9983,Stephens Isd.,Anagotus rugosus,Anagotus,rugosus,17,TRUE,TRUE,TRUE,TRUE,TRUE,FALSE,TRUE,TRUE,TRUE,FALSE
NHMUK,NHMUK016119885,Seymour,NA,NA,-46.122392,166.673412,Te Oneroa.,Anagotus helmsi,Anagotus,helmsi,NA,TRUE,TRUE,TRUE,TRUE,TRUE,FALSE,TRUE,TRUE,TRUE,FALSE
NHMUK,NHMUK016119919,Helms,1881,1,-42.46757,171.221151,"Greymouth, // New Zealand",Anagotus helmsi,Anagotus,helmsi,1,TRUE,TRUE,TRUE,TRUE,TRUE,FALSE,TRUE,TRUE,TRUE,FALSE
NHMUK,NHMUK016119941,A.C. O'Connor,1916,9,-40.67069,173.9983,Stephens Is.,Anagotus stephenensis,Anagotus,stephenensis,1,TRUE,TRUE,TRUE,TRUE,TRUE,FALSE,TRUE,TRUE,TRUE,FALSE
NHMUK,NHMUK016119943,Fide Sandager,NA,NA,-41.113923,174.432678,"New Zealand, The Brothers",Anagotus rugosus,Anagotus,rugosus,NA,TRUE,TRUE,TRUE,TRUE,TRUE,FALSE,TRUE,TRUE,TRUE,FALSE
CMNZ,568091,Peter Johns,1990,6,-41.0245,173.88959,"Maud Island Malborough sound, SD, stones in pasture",Anagotus gourlayi,Anagotus,gourlayi,2,TRUE,TRUE,TRUE,TRUE,TRUE,FALSE,TRUE,TRUE,TRUE,FALSE
LUNZ,LUNZ00001177,J.W. Early,1991,2,46.92535,167.76427,"Mason Bay, Duck Creek",Anagotus indet.,Anagotus,indet.,3,TRUE,TRUE,TRUE,TRUE,TRUE,FALSE,TRUE,TRUE,TRUE,FALSE
LUNZ,LUNZ00001176,R.M. Emberson,1974,12,-47.18938,167.78308,Inner Brothers [formerly Sister] Island,Anagotus indet.,Anagotus,indet.,13,TRUE,TRUE,TRUE,TRUE,TRUE,FALSE,TRUE,TRUE,TRUE,FALSE
LUNZ,LUNZ00001188,R.M. Emberson,1974,12,-47.18938,167.78308,Inner Brothers [formerly Sister] Island,Anagotus indet.,Anagotus,indet.,13,TRUE,TRUE,TRUE,TRUE,TRUE,FALSE,TRUE,TRUE,TRUE,FALSE
LUNZ,LUNZ00001175,R.M. Emberson,1974,12,-47.18938,167.78308,Inner Brothers [formerly Sister] Island,Anagotus indet.,Anagotus,indet.,13,TRUE,TRUE,TRUE,TRUE,TRUE,FALSE,TRUE,TRUE,TRUE,FALSE
LUNZ,LUNZ00001174,R.M. Emberson,1974,12,-47.18938,167.78308,Inner Brothers [formerly Sister] Island,Anagotus indet.,Anagotus,indet.,13,TRUE,TRUE,TRUE,TRUE,TRUE,FALSE,TRUE,TRUE,TRUE,FALSE
LUNZ,LUNZ00001173,R.M. Emberson,1974,12,-47.18938,167.78308,Inner Brothers [formerly Sister] Island,Anagotus indet.,Anagotus,indet.,13,TRUE,TRUE,TRUE,TRUE,TRUE,FALSE,TRUE,TRUE,TRUE,FALSE
LUNZ,LUNZ00001172,R.M. Emberson,1974,12,-47.18938,167.78308,Inner Brothers [formerly Sister] Island,Anagotus indet.,Anagotus,indet.,13,TRUE,TRUE,TRUE,TRUE,TRUE,FALSE,TRUE,TRUE,TRUE,FALSE
LUNZ,LUNZ00001171,R.M. Emberson,1974,12,-47.18938,167.78308,Inner Brothers [formerly Sister] Island,Anagotus indet.,Anagotus,indet.,13,TRUE,TRUE,TRUE,TRUE,TRUE,FALSE,TRUE,TRUE,TRUE,FALSE
LUNZ,LUNZ00001366,"F.J. Brook, P. Aderson",1997,11,-34.17589,172.072,"Three Kings Islands, South West Island",Anagotus fairburni,Anagotus,fairburni,29,TRUE,TRUE,TRUE,TRUE,TRUE,FALSE,TRUE,TRUE,TRUE,FALSE
LUNZ,LUNZ00001367,"F.J. Brook, P. Aderson",1997,11,-34.17589,172.072,"Three Kings Islands, South West Island",Anagotus fairburni,Anagotus,fairburni,29,TRUE,TRUE,TRUE,TRUE,TRUE,FALSE,TRUE,TRUE,TRUE,FALSE
LUNZ,LUNZ00001368,"F.J. Brook, P. Aderson",1997,11,-34.17589,172.072,"Three Kings Islands, South West Island",Anagotus fairburni,Anagotus,fairburni,29,TRUE,TRUE,TRUE,TRUE,TRUE,FALSE,TRUE,TRUE,TRUE,FALSE
LUNZ,LUNZ00001369,M.J. Thorsen,1999,4,-34.16321,172.14301,"Three Kings Islands, Great Island, Tasman Stream mouth",Anagotus fairburni,Anagotus,fairburni,10,TRUE,TRUE,TRUE,TRUE,TRUE,FALSE,TRUE,TRUE,TRUE,FALSE
LUNZ,LUNZ00001290,G.M. Wragg,1982,11,-35.47348,174.73669,"Poor Knights Island, Aorangi, Urupa Point",Anagotus turbotti,Anagotus,turbotti,20,TRUE,TRUE,TRUE,TRUE,TRUE,FALSE,TRUE,TRUE,TRUE,FALSE
LUNZ,LUNZ00001273,G.R. Champness,1983,1,-42.10128,171.34,"Bullock Creek, Punakaiki Scenic Reserve",Anagotus helmsi,Anagotus,helmsi,13,TRUE,TRUE,TRUE,TRUE,TRUE,FALSE,TRUE,TRUE,TRUE,FALSE
LUNZ,LUNZ00001271,G.R. Champness,1985,1,-42.10785,171.3401,"Pororari River, Punakaiki",Anagotus helmsi,Anagotus,helmsi,9,TRUE,TRUE,TRUE,TRUE,TRUE,FALSE,TRUE,TRUE,TRUE,FALSE
LUNZ,LUNZ00001289,G.R. Champness,1985,2,-42.10785,171.3401,"Pororari River, Punakaiki",Anagotus helmsi,Anagotus,helmsi,18,TRUE,TRUE,TRUE,TRUE,TRUE,FALSE,TRUE,TRUE,TRUE,FALSE
LUNZ,LUNZ00001300,G.R. Champness,1985,2,-42.10785,171.3401,"Pororari River, Punakaiki",Anagotus helmsi,Anagotus,helmsi,18,TRUE,TRUE,TRUE,TRUE,TRUE,FALSE,TRUE,TRUE,TRUE,FALSE
LUNZ,LUNZ00001310,G.R. Champness,1984,10,-42.10785,171.3401,"Pororari River, Punakaiki",Anagotus helmsi,Anagotus,helmsi,28,TRUE,TRUE,TRUE,TRUE,TRUE,FALSE,TRUE,TRUE,TRUE,FALSE
LUNZ,LUNZ00001299,G.R. Champness,1984,8,-42.10785,171.3401,"Pororari River, Punakaiki",Anagotus helmsi,Anagotus,helmsi,19,TRUE,TRUE,TRUE,TRUE,TRUE,FALSE,TRUE,TRUE,TRUE,FALSE
LUNZ,LUNZ00001320,G.R. Champness,1984,6,-42.10785,171.3401,"Pororari River, Punakaiki",Anagotus helmsi,Anagotus,helmsi,1,TRUE,TRUE,TRUE,TRUE,TRUE,FALSE,TRUE,TRUE,TRUE,FALSE
LUNZ,LUNZ00001298,A.B. Miller,1982,4,43.3782,170.16737,"Westland National Park, adjacent Canavans Knob",Anagotus helmsi,Anagotus,helmsi,12,TRUE,TRUE,TRUE,TRUE,TRUE,FALSE,TRUE,TRUE,TRUE,FALSE
LUNZ,LUNZ00001308,A.B. Miller,1982,3,43.3782,170.16737,"Westland National Park, adjacent Canavans Knob",Anagotus helmsi,Anagotus,helmsi,28,TRUE,TRUE,TRUE,TRUE,TRUE,FALSE,TRUE,TRUE,TRUE,FALSE
LUNZ,LUNZ00001287,A.B. Miller,1982,3,43.3782,170.16737,"Westland National Park, adjacent Canavans Knob",Anagotus helmsi,Anagotus,helmsi,28,TRUE,TRUE,TRUE,TRUE,TRUE,FALSE,TRUE,TRUE,TRUE,FALSE
LUNZ,LUNZ00001286,A.B. Miller,1982,3,43.3782,170.16737,"Westland National Park, adjacent Canavans Knob",Anagotus helmsi,Anagotus,helmsi,28,TRUE,TRUE,TRUE,TRUE,TRUE,FALSE,TRUE,TRUE,TRUE,FALSE
LUNZ,LUNZ00001272,G.R. Champness,1984,11,-42.10785,171.3401,"Pororari River, Punakaiki",Anagotus helmsi,Anagotus,helmsi,17,TRUE,TRUE,TRUE,TRUE,TRUE,FALSE,TRUE,TRUE,TRUE,FALSE
LUNZ,LUNZ00001307,M.H. Bowie,1995,4,-41.02318,173.89178,"Maud Island, Main Bush",Anagotus rugosus,Anagotus,rugosus,5,TRUE,TRUE,TRUE,TRUE,TRUE,FALSE,TRUE,TRUE,TRUE,FALSE
LUNZ,LUNZ00001316,M.H. Bowie,1995,4,-41.02318,173.89178,"Maud Island, Main Bush",Anagotus rugosus,Anagotus,rugosus,5,TRUE,TRUE,TRUE,TRUE,TRUE,FALSE,TRUE,TRUE,TRUE,FALSE
LUNZ,LUNZ00001315,M.H. Bowie,1995,4,-41.02318,173.89178,"Maud Island, Main Bush",Anagotus rugosus,Anagotus,rugosus,5,TRUE,TRUE,TRUE,TRUE,TRUE,FALSE,TRUE,TRUE,TRUE,FALSE
LUNZ,LUNZ00001314,M.H. Bowie,1995,4,-41.02318,173.89178,"Maud Island, Main Bush",Anagotus rugosus,Anagotus,rugosus,5,TRUE,TRUE,TRUE,TRUE,TRUE,FALSE,TRUE,TRUE,TRUE,FALSE
LUNZ,LUNZ00001313,M.H. Bowie,1995,4,-41.02318,173.89178,"Maud Island, Main Bush",Anagotus rugosus,Anagotus,rugosus,5,TRUE,TRUE,TRUE,TRUE,TRUE,FALSE,TRUE,TRUE,TRUE,FALSE
LUNZ,LUNZ00001312,M.H. Bowie,1995,4,-41.02318,173.89178,"Maud Island, Main Bush",Anagotus rugosus,Anagotus,rugosus,5,TRUE,TRUE,TRUE,TRUE,TRUE,FALSE,TRUE,TRUE,TRUE,FALSE
LUNZ,LUNZ00001306,J.W.M. Marris,1995,2,-40.92109,173.76205,"South Stack, Paddock Rocks",Anagotus rugosus,Anagotus,rugosus,16,TRUE,TRUE,TRUE,TRUE,TRUE,FALSE,TRUE,TRUE,TRUE,FALSE
LUNZ,LUNZ00001305,J.W.M. Marris,1995,2,-40.92109,173.76205,"South Stack, Paddock Rocks",Anagotus rugosus,Anagotus,rugosus,16,TRUE,TRUE,TRUE,TRUE,TRUE,FALSE,TRUE,TRUE,TRUE,FALSE
LUNZ,LUNZ00001296,J.W.M. Marris,1995,2,-40.92109,173.76205,"South Stack, Paddock Rocks",Anagotus rugosus,Anagotus,rugosus,16,TRUE,TRUE,TRUE,TRUE,TRUE,FALSE,TRUE,TRUE,TRUE,FALSE
LUNZ,LUNZ00001295,J.W.M. Marris,1995,2,-40.92109,173.76205,"South Stack, Paddock Rocks",Anagotus rugosus,Anagotus,rugosus,16,TRUE,TRUE,TRUE,TRUE,TRUE,FALSE,TRUE,TRUE,TRUE,FALSE
LUNZ,LUNZ00001282,B.W. Thomas,1995,2,-40.92109,173.76205,"South Stack, Paddock Rocks",Anagotus rugosus,Anagotus,rugosus,16,TRUE,TRUE,TRUE,TRUE,TRUE,FALSE,TRUE,TRUE,TRUE,FALSE
LUNZ,LUNZ00001303,M.H. Bowie,1995,4,-41.02318,173.89178,"Maud Island, Main Bush",Anagotus rugosus,Anagotus,rugosus,3,TRUE,TRUE,TRUE,TRUE,TRUE,FALSE,TRUE,TRUE,TRUE,FALSE
LUNZ,LUNZ00001294,M.H. Bowie,1995,4,-41.02318,173.89178,"Maud Island, Main Bush",Anagotus rugosus,Anagotus,rugosus,3,TRUE,TRUE,TRUE,TRUE,TRUE,FALSE,TRUE,TRUE,TRUE,FALSE
LUNZ,LUNZ00001293,J.W.M. Marris,1995,2,-40.83812,173.99915,"Trio Islands, Middle Trio Island (Kuru Pongi)",Anagotus rugosus,Anagotus,rugosus,13,TRUE,TRUE,TRUE,TRUE,TRUE,FALSE,TRUE,TRUE,TRUE,FALSE
LUNZ,LUNZ00001302,M.H. Bowie,1988,2,-40.89317,174.1055,Outer Chetwode Island (Te Kakaho),Anagotus rugosus,Anagotus,rugosus,15,TRUE,TRUE,TRUE,TRUE,TRUE,FALSE,TRUE,TRUE,TRUE,FALSE
LUNZ,LUNZ00001311,M.H. Bowie,1988,2,-40.89317,174.1055,Outer Chetwode Island (Te Kakaho),Anagotus rugosus,Anagotus,rugosus,15,TRUE,TRUE,TRUE,TRUE,TRUE,FALSE,TRUE,TRUE,TRUE,FALSE
LUNZ,LUNZ00001301,M.H. Bowie,1988,2,-40.89317,174.1055,Outer Chetwode Island (Te Kakaho),Anagotus rugosus,Anagotus,rugosus,15,TRUE,TRUE,TRUE,TRUE,TRUE,FALSE,TRUE,TRUE,TRUE,FALSE
LUNZ,LUNZ00001304,M.H. Bowie,1988,2,-40.89317,174.1055,Outer Chetwode Island (Te Kakaho),Anagotus rugosus,Anagotus,rugosus,12,TRUE,TRUE,TRUE,TRUE,TRUE,FALSE,TRUE,TRUE,TRUE,FALSE
LUNZ,LUNZ00001283,M.H. Bowie,1988,2,-40.89317,174.1055,Outer Chetwode Island (Te Kakaho),Anagotus rugosus,Anagotus,rugosus,15,TRUE,TRUE,TRUE,TRUE,TRUE,FALSE,TRUE,TRUE,TRUE,FALSE
LUNZ,LUNZ00001292,M.H. Bowie,1988,2,-40.89317,174.1055,Outer Chetwode Island (Te Kakaho),Anagotus rugosus,Anagotus,rugosus,15,TRUE,TRUE,TRUE,TRUE,TRUE,FALSE,TRUE,TRUE,TRUE,FALSE
LUNZ,LUNZ00001291,J.W.M. Marris,1994,11,-40.90681,174.09148,"Chetwode Islands, The Haystack",Anagotus rugosus,Anagotus,rugosus,15,TRUE,TRUE,TRUE,TRUE,TRUE,FALSE,TRUE,TRUE,TRUE,FALSE
LUNZ,LUNZ00001281,J.W.M. Marris,1995,4,-41.02318,173.89178,"Maud Island, Main Bush",Anagotus rugosus,Anagotus,rugosus,3,TRUE,TRUE,TRUE,TRUE,TRUE,FALSE,TRUE,TRUE,TRUE,FALSE
LUNZ,LUNZ00001330,J.W.M. Marris,1995,2,-40.88179,174.14097,Sentinel Rock,Anagotus rugosus,Anagotus,rugosus,14,TRUE,TRUE,TRUE,TRUE,TRUE,FALSE,TRUE,TRUE,TRUE,FALSE
LUNZ,LUNZ00001329,S.M. Pawson,2002,3,-40.67063,173.9958,Stephens Island,Anagotus rugosus,Anagotus,rugosus,13,TRUE,TRUE,TRUE,TRUE,TRUE,FALSE,TRUE,TRUE,TRUE,FALSE
LUNZ,LUNZ00001328,S.M. Pawson,2002,3,-40.67063,173.9958,Stephens Island,Anagotus rugosus,Anagotus,rugosus,13,TRUE,TRUE,TRUE,TRUE,TRUE,FALSE,TRUE,TRUE,TRUE,FALSE
LUNZ,LUNZ00001327,S.M. Pawson,2002,3,-40.67063,173.9958,Stephens Island,Anagotus rugosus,Anagotus,rugosus,13,TRUE,TRUE,TRUE,TRUE,TRUE,FALSE,TRUE,TRUE,TRUE,FALSE
LUNZ,LUNZ00001364,J.W.M. Marris,1993,2,-41.10291,174.44157,North Brother Island,Anagotus rugosus,Anagotus,rugosus,7,TRUE,TRUE,TRUE,TRUE,TRUE,FALSE,TRUE,TRUE,TRUE,FALSE
LUNZ,LUNZ00001373,J.W.M. Marris,1993,2,-41.10291,174.44157,North Brother Island,Anagotus rugosus,Anagotus,rugosus,7,TRUE,TRUE,TRUE,TRUE,TRUE,FALSE,TRUE,TRUE,TRUE,FALSE
LUNZ,LUNZ00001365,J.W.M. Marris,1993,2,-41.10291,174.44157,North Brother Island,Anagotus rugosus,Anagotus,rugosus,7,TRUE,TRUE,TRUE,TRUE,TRUE,FALSE,TRUE,TRUE,TRUE,FALSE
LUNZ,LUNZ00001372,J.W.M. Marris,1993,2,-41.10291,174.44157,North Brother Island,Anagotus rugosus,Anagotus,rugosus,8,TRUE,TRUE,TRUE,TRUE,TRUE,FALSE,TRUE,TRUE,TRUE,FALSE
LUNZ,LUNZ00001361,J.W.M. Marris,1993,2,-41.10291,174.44157,North Brother Island,Anagotus rugosus,Anagotus,rugosus,9,TRUE,TRUE,TRUE,TRUE,TRUE,FALSE,TRUE,TRUE,TRUE,FALSE
LUNZ,LUNZ00001371,J.W.M. Marris,1993,2,-41.10291,174.44157,North Brother Island,Anagotus rugosus,Anagotus,rugosus,9,TRUE,TRUE,TRUE,TRUE,TRUE,FALSE,TRUE,TRUE,TRUE,FALSE
LUNZ,LUNZ00001362,J.W.M. Marris,1993,11,-41.10291,174.44157,North Brother Island,Anagotus rugosus,Anagotus,rugosus,20,TRUE,TRUE,TRUE,TRUE,TRUE,FALSE,TRUE,TRUE,TRUE,FALSE
LUNZ,LUNZ00001363,G.W. Gibbs,1993,11,-41.10291,174.44157,North Brother Island,Anagotus rugosus,Anagotus,rugosus,20,TRUE,TRUE,TRUE,TRUE,TRUE,FALSE,TRUE,TRUE,TRUE,FALSE
MONZ,NA,PRN & BWT,1991,3,-45.57777,166.63752,Breaksea Sound,Anagotus species_m,Anagotus,species_m,NA,TRUE,TRUE,TRUE,TRUE,TRUE,FALSE,TRUE,TRUE,TRUE,FALSE
MONZ,NA,Mike Meads,1993,4,-45.57777,166.63752,"Breaksea Sound, Breaksea Island",Anagotus species_m,Anagotus,species_m,NA,TRUE,TRUE,TRUE,TRUE,TRUE,FALSE,TRUE,TRUE,TRUE,FALSE
MONZ,NA,Mike Meads,1993,4,-45.57777,166.63752,"Breaksea Sound, Breaksea Island",Anagotus species_m,Anagotus,species_m,NA,TRUE,TRUE,TRUE,TRUE,TRUE,FALSE,TRUE,TRUE,TRUE,FALSE
MONZ,NA,Mike Meads,1993,4,-45.57777,166.63752,"Breaksea Sound, Breaksea Island",Anagotus species_m,Anagotus,species_m,NA,TRUE,TRUE,TRUE,TRUE,TRUE,FALSE,TRUE,TRUE,TRUE,FALSE
MONZ,NA,Mike Meads,1993,4,-45.57777,166.63752,"Breaksea Sound, Breaksea Island",Anagotus species_m,Anagotus,species_m,NA,TRUE,TRUE,TRUE,TRUE,TRUE,FALSE,TRUE,TRUE,TRUE,FALSE
MONZ,NA,Mike Meads,1993,4,-45.592619,166.636752,"Breaksea Sound, Wairaki Island",Anagotus species_m,Anagotus,species_m,NA,TRUE,TRUE,TRUE,TRUE,TRUE,FALSE,TRUE,TRUE,TRUE,FALSE
MONZ,NA,Mike Meads,1993,4,-45.592619,166.636752,"Breaksea Sound, Wairaki Island",Anagotus species_m,Anagotus,species_m,NA,TRUE,TRUE,TRUE,TRUE,TRUE,FALSE,TRUE,TRUE,TRUE,FALSE
MONZ,NA,Mike Meads,1993,4,-45.592619,166.636752,"Breaksea Sound, Wairaki Island",Anagotus NA,Anagotus,NA,NA,TRUE,TRUE,TRUE,TRUE,TRUE,FALSE,TRUE,TRUE,TRUE,FALSE
MONZ,NA,BW Thomas,1987,3,-45.600888,166.658993,"Breaksea Ils Group, Outer Gilbert #1",Anagotus NA,Anagotus,NA,NA,TRUE,TRUE,TRUE,TRUE,TRUE,FALSE,TRUE,TRUE,TRUE,FALSE
MONZ,NA,T. Gaston,1990,10,-41.102994,174.441653,N. Brother I.,Anagotus graniger,Anagotus,graniger,NA,TRUE,TRUE,TRUE,TRUE,TRUE,FALSE,TRUE,TRUE,TRUE,FALSE
MONZ,NA,Alan Tennyson,1996,5,-40.67069,173.9983,Stephens Island,Anagotus graniger,Anagotus,graniger,NA,TRUE,TRUE,TRUE,TRUE,TRUE,FALSE,TRUE,TRUE,TRUE,FALSE
MONZ,NA,Alan Tennyson,1995,1,-41.0245,173.88959,Maud Island,Anagotus graniger,Anagotus,graniger,NA,TRUE,TRUE,TRUE,TRUE,TRUE,FALSE,TRUE,TRUE,TRUE,FALSE
MONZ,NA,Mike Meads,1992,3,-41.0245,173.88959,"Marlborough Sounds, Maud Island",Anagotus graniger,Anagotus,graniger,NA,TRUE,TRUE,TRUE,TRUE,TRUE,FALSE,TRUE,TRUE,TRUE,FALSE
MONZ,NA,Mike Meads,1992,3,-41.0245,173.88959,"Marlborough Sounds, Maud Island",Anagotus graniger,Anagotus,graniger,NA,TRUE,TRUE,TRUE,TRUE,TRUE,FALSE,TRUE,TRUE,TRUE,FALSE
MONZ,NA,Mike Meads,1992,3,-41.0245,173.88959,"Marlborough Sounds, Maud Island",Anagotus graniger,Anagotus,graniger,NA,TRUE,TRUE,TRUE,TRUE,TRUE,FALSE,TRUE,TRUE,TRUE,FALSE
MONZ,NA,MJ Meads,1976,4,-40.67069,173.9983,"Cook Strait, Stephens Island",Anagotus graniger,Anagotus,graniger,NA,TRUE,TRUE,TRUE,TRUE,TRUE,FALSE,TRUE,TRUE,TRUE,FALSE
MONZ,NA,Alan Tennyson,1995,1,-41.0245,173.88959,Maud Island,Anagotus oconnori,Anagotus,oconnori,NA,TRUE,TRUE,TRUE,TRUE,TRUE,FALSE,TRUE,TRUE,TRUE,FALSE
MONZ,NA,S. Baiyle,1964,11,-35.478652,174.742441,"Poor Knights Islands, Aorangi, Crater Bay",Anagotus fairburni,Anagotus,fairburni,NA,TRUE,TRUE,TRUE,TRUE,TRUE,FALSE,TRUE,TRUE,TRUE,FALSE
MONZ,NA,MJ Meads,1976,9,-40.8961,174.08309,"Cook Strait, Outer Chetwode Island",Anagotus NA,Anagotus,NA,NA,TRUE,TRUE,TRUE,TRUE,TRUE,FALSE,TRUE,TRUE,TRUE,FALSE
MONZ,NA,MJ Meads,1989,4,-45.592619,166.636752,"Breaksea Sound, Wairaki Island",Anagotus fairburni,Anagotus,fairburni,NA,TRUE,TRUE,TRUE,TRUE,TRUE,FALSE,TRUE,TRUE,TRUE,FALSE
MONZ,NA,Mike Meads,1992,4,-45.592619,166.636752,"Breaksea Sound, Wairaki Island",Anagotus species_m,Anagotus,species_m,NA,TRUE,TRUE,TRUE,TRUE,TRUE,FALSE,TRUE,TRUE,TRUE,FALSE
MONZ,NA,Mike Meads,1992,4,-45.592619,166.636752,"Breaksea Sound, Wairaki Island",Anagotus species_m,Anagotus,species_m,NA,TRUE,TRUE,TRUE,TRUE,TRUE,FALSE,TRUE,TRUE,TRUE,FALSE
MONZ,AI.047212,"Hudson, George",1926,1,-40.67069,173.9983,"South Island, Marlborough, Stephens Island, Cook Strait",Anagotus helmsi,Anagotus,helmsi,NA,TRUE,TRUE,TRUE,TRUE,TRUE,FALSE,TRUE,TRUE,TRUE,FALSE
MONZ,AI.047228,"Howes, George",1920,2,-40.67069,173.9983,"South Island, Marlborough, Stephens Island, Cook Strait",Anagotus latirostris,Anagotus,latirostris,NA,TRUE,TRUE,TRUE,TRUE,TRUE,FALSE,TRUE,TRUE,TRUE,FALSE
